scale,model,benchmark,task,repo,subfolder,pretrained_model,tokenizer,data_subpath,learning_rate,weight_decay,warmup_ratio,warmup_steps,num_train_epochs,lr_scheduler_type,seed,per_device_train_batch_size,per_device_eval_batch_size,gradient_accumulation_steps,fp16,model_max_length,evaluation_strategy,save_strategy,save_total_limit,load_best_model_at_end,metric_for_best_model,greater_is_better,checkpoint_epoch,test_matthews_correlation,test_accuracy,test_f1,test_precision,test_recall
100k,base,GBM,demo_coding_vs_intergenomic_seqs,EvoLenTokenizer/base-100k-sft-checkpoints,GBM/demo_coding_vs_intergenomic_seqs,EvoLenTokenizer/base-100k,assets/tokenizers/5120_tokenizer.json,Finetune-GenomicBenchmarks/ft_data/demo_coding_vs_intergenomic_seqs/split,3e-05,0.0,0.06,0,3,LINEAR,42,128,128,1,True,100,EPOCH,EPOCH,1,True,eval_f1,True,3,82.2516,91.11,91.1092,91.1364,91.1153
100k,base,GBM,demo_human_or_worm,EvoLenTokenizer/base-100k-sft-checkpoints,GBM/demo_human_or_worm,EvoLenTokenizer/base-100k,assets/tokenizers/5120_tokenizer.json,Finetune-GenomicBenchmarks/ft_data/demo_human_or_worm/split,3e-05,0.03,0.06,0,8,LINEAR,42,128,128,1,True,512,EPOCH,EPOCH,1,True,eval_f1,True,4,91.7599,95.88,95.8799,95.8799,95.8799
100k,base,GBM,drosophila_enhancers_stark,EvoLenTokenizer/base-100k-sft-checkpoints,GBM/drosophila_enhancers_stark,EvoLenTokenizer/base-100k,assets/tokenizers/5120_tokenizer.json,Finetune-GenomicBenchmarks/ft_data/drosophila_enhancers_stark/split,3e-05,0.05,0.15,0,4,LINEAR,42,128,128,1,True,512,EPOCH,EPOCH,1,True,eval_f1,True,3,55.3169,77.7457,77.271,78.2335,77.0951
100k,base,GBM,dummy_mouse_enhancers_ensembl,EvoLenTokenizer/base-100k-sft-checkpoints,GBM/dummy_mouse_enhancers_ensembl,EvoLenTokenizer/base-100k,assets/tokenizers/5120_tokenizer.json,Finetune-GenomicBenchmarks/ft_data/dummy_mouse_enhancers_ensembl/split,3e-05,0.01,0.1,0,8,LINEAR,42,128,128,1,True,512,EPOCH,EPOCH,1,True,eval_f1,True,5,58.1281,79.3388,79.0585,79.0077,79.1204
100k,base,GBM,human_enhancers_cohn,EvoLenTokenizer/base-100k-sft-checkpoints,GBM/human_enhancers_cohn,EvoLenTokenizer/base-100k,assets/tokenizers/5120_tokenizer.json,Finetune-GenomicBenchmarks/ft_data/human_enhancers_cohn/split,3e-05,0.0,0.03,0,1,LINEAR,42,128,128,1,True,100,EPOCH,EPOCH,1,True,eval_f1,True,1,50.1704,75.0719,75.0599,75.1054,75.065
100k,base,GBM,human_enhancers_ensembl,EvoLenTokenizer/base-100k-sft-checkpoints,GBM/human_enhancers_ensembl,EvoLenTokenizer/base-100k,assets/tokenizers/5120_tokenizer.json,Finetune-GenomicBenchmarks/ft_data/human_enhancers_ensembl/split,3e-05,0.0,0.05,0,5,LINEAR,42,128,128,1,True,512,EPOCH,EPOCH,1,True,eval_f1,True,5,77.4922,88.6794,88.6543,88.8636,88.629
100k,base,GBM,human_ensembl_regulatory,EvoLenTokenizer/base-100k-sft-checkpoints,GBM/human_ensembl_regulatory,EvoLenTokenizer/base-100k,assets/tokenizers/5120_tokenizer.json,Finetune-GenomicBenchmarks/ft_data/human_ensembl_regulatory/split,3e-05,0.0,0.03,0,5,LINEAR,42,128,128,1,True,250,EPOCH,EPOCH,1,True,eval_f1,True,5,84.7516,89.8295,89.9913,90.4292,89.7444
100k,base,GBM,human_nontata_promoters,EvoLenTokenizer/base-100k-sft-checkpoints,GBM/human_nontata_promoters,EvoLenTokenizer/base-100k,assets/tokenizers/5120_tokenizer.json,Finetune-GenomicBenchmarks/ft_data/human_nontata_promoters/split,3e-05,0.03,0.06,0,10,LINEAR,42,128,128,1,True,100,EPOCH,EPOCH,1,True,eval_f1,True,10,87.3703,93.5252,93.5098,93.5011,93.87
100k,base,GBM,human_ocr_ensembl,EvoLenTokenizer/base-100k-sft-checkpoints,GBM/human_ocr_ensembl,EvoLenTokenizer/base-100k,assets/tokenizers/5120_tokenizer.json,Finetune-GenomicBenchmarks/ft_data/human_ocr_ensembl/split,3e-05,0.01,0.05,0,3,LINEAR,42,128,128,1,True,100,EPOCH,EPOCH,1,True,eval_f1,True,3,49.8621,74.9142,74.9098,74.9421,74.92
100k,base,GUE,EMP/H3,EvoLenTokenizer/base-100k-sft-checkpoints,GUE/EMP/H3,EvoLenTokenizer/base-100k,assets/tokenizers/5120_tokenizer.json,Finetune-GUE/GUE/EMP/H3,3e-05,0.05,0.06,0,8,LINEAR,42,128,128,1,True,128,EPOCH,EPOCH,1,True,eval_f1,True,8,69.5965,84.7027,84.6918,84.8643,84.7323
100k,base,GUE,EMP/H3K14ac,EvoLenTokenizer/base-100k-sft-checkpoints,GUE/EMP/H3K14ac,EvoLenTokenizer/base-100k,assets/tokenizers/5120_tokenizer.json,Finetune-GUE/GUE/EMP/H3K14ac,3e-05,0.0,0.1,0,4,LINEAR,42,128,128,1,True,128,EPOCH,EPOCH,1,True,eval_f1,True,4,40.6721,71.0439,70.3319,70.3849,70.2873
100k,base,GUE,EMP/H3K36me3,EvoLenTokenizer/base-100k-sft-checkpoints,GUE/EMP/H3K36me3,EvoLenTokenizer/base-100k,assets/tokenizers/5120_tokenizer.json,Finetune-GUE/GUE/EMP/H3K36me3,3e-05,0.05,0.1,0,5,LINEAR,42,128,128,1,True,128,EPOCH,EPOCH,1,True,eval_f1,True,4,42.7898,71.445,71.2854,71.27,71.5205
100k,base,GUE,EMP/H3K4me1,EvoLenTokenizer/base-100k-sft-checkpoints,GUE/EMP/H3K4me1,EvoLenTokenizer/base-100k,assets/tokenizers/5120_tokenizer.json,Finetune-GUE/GUE/EMP/H3K4me1,3e-05,0.05,0.06,0,3,LINEAR,42,128,128,1,True,128,EPOCH,EPOCH,1,True,eval_f1,True,3,41.2002,70.9912,70.5378,70.7532,70.4482
100k,base,GUE,EMP/H3K4me2,EvoLenTokenizer/base-100k-sft-checkpoints,GUE/EMP/H3K4me2,EvoLenTokenizer/base-100k,assets/tokenizers/5120_tokenizer.json,Finetune-GUE/GUE/EMP/H3K4me2,3e-05,0.0,0.1,0,1,LINEAR,42,128,128,1,True,128,EPOCH,EPOCH,1,True,eval_f1,True,1,30.508,67.2206,63.9918,66.6429,63.981
100k,base,GUE,EMP/H3K4me3,EvoLenTokenizer/base-100k-sft-checkpoints,GUE/EMP/H3K4me3,EvoLenTokenizer/base-100k,assets/tokenizers/5120_tokenizer.json,Finetune-GUE/GUE/EMP/H3K4me3,3e-05,0.01,0.03,0,3,LINEAR,42,128,128,1,True,128,EPOCH,EPOCH,1,True,eval_f1,True,3,25.5268,62.9348,62.7574,62.7807,62.7461
100k,base,GUE,EMP/H3K79me3,EvoLenTokenizer/base-100k-sft-checkpoints,GUE/EMP/H3K79me3,EvoLenTokenizer/base-100k,assets/tokenizers/5120_tokenizer.json,Finetune-GUE/GUE/EMP/H3K79me3,3e-05,0.0,0.06,0,4,LINEAR,42,128,128,1,True,128,EPOCH,EPOCH,1,True,eval_f1,True,4,58.0688,79.1262,79.0233,79.0826,78.9862
100k,base,GUE,EMP/H3K9ac,EvoLenTokenizer/base-100k-sft-checkpoints,GUE/EMP/H3K9ac,EvoLenTokenizer/base-100k,assets/tokenizers/5120_tokenizer.json,Finetune-GUE/GUE/EMP/H3K9ac,3e-05,0.05,0.03,0,3,LINEAR,42,128,128,1,True,128,EPOCH,EPOCH,1,True,eval_f1,True,3,49.129,74.8111,74.562,74.5362,74.5928
100k,base,GUE,EMP/H4,EvoLenTokenizer/base-100k-sft-checkpoints,GUE/EMP/H4,EvoLenTokenizer/base-100k,assets/tokenizers/5120_tokenizer.json,Finetune-GUE/GUE/EMP/H4,3e-05,0.01,0.06,0,3,LINEAR,42,128,128,1,True,128,EPOCH,EPOCH,1,True,eval_f1,True,3,72.6903,86.4476,86.0287,87.12,85.5865
100k,base,GUE,EMP/H4ac,EvoLenTokenizer/base-100k-sft-checkpoints,GUE/EMP/H4ac,EvoLenTokenizer/base-100k,assets/tokenizers/5120_tokenizer.json,Finetune-GUE/GUE/EMP/H4ac,3e-05,0.05,0.03,0,6,LINEAR,42,128,128,1,True,128,EPOCH,EPOCH,1,True,eval_f1,True,3,37.6251,68.8856,68.8016,68.7879,68.8373
100k,base,GUE,mouse/0,EvoLenTokenizer/base-100k-sft-checkpoints,GUE/mouse/0,EvoLenTokenizer/base-100k,assets/tokenizers/5120_tokenizer.json,Finetune-GUE/GUE/mouse/0,3e-05,0.05,0.1,0,5,LINEAR,42,128,128,1,True,30,EPOCH,EPOCH,1,True,eval_f1,True,5,40.0011,70.0,69.9996,70.0011,70.0
100k,base,GUE,mouse/1,EvoLenTokenizer/base-100k-sft-checkpoints,GUE/mouse/1,EvoLenTokenizer/base-100k,assets/tokenizers/5120_tokenizer.json,Finetune-GUE/GUE/mouse/1,3e-05,0.01,0.06,0,4,LINEAR,42,128,128,1,True,30,EPOCH,EPOCH,1,True,eval_f1,True,4,79.6607,89.8295,89.8294,89.8312,89.8295
100k,base,GUE,mouse/2,EvoLenTokenizer/base-100k-sft-checkpoints,GUE/mouse/2,EvoLenTokenizer/base-100k,assets/tokenizers/5120_tokenizer.json,Finetune-GUE/GUE/mouse/2,3e-05,0.0,0.1,0,5,LINEAR,42,128,128,1,True,30,EPOCH,EPOCH,1,True,eval_f1,True,5,74.5902,87.1951,87.178,87.3953,87.1951
100k,base,GUE,mouse/3,EvoLenTokenizer/base-100k-sft-checkpoints,GUE/mouse/3,EvoLenTokenizer/base-100k,assets/tokenizers/5120_tokenizer.json,Finetune-GUE/GUE/mouse/3,3e-05,0.05,0.15,0,12,LINEAR,42,128,128,1,True,30,EPOCH,EPOCH,1,True,eval_f1,True,6,55.6513,77.8243,77.8243,77.8256,77.8256
100k,base,GUE,mouse/4,EvoLenTokenizer/base-100k-sft-checkpoints,GUE/mouse/4,EvoLenTokenizer/base-100k,assets/tokenizers/5120_tokenizer.json,Finetune-GUE/GUE/mouse/4,3e-05,0.05,0.1,0,8,LINEAR,42,128,128,1,True,30,EPOCH,EPOCH,1,True,eval_f1,True,7,32.3741,66.171,66.1525,66.2044,66.1698
100k,base,GUE,prom/prom_300_all,EvoLenTokenizer/base-100k-sft-checkpoints,GUE/prom/prom_300_all,EvoLenTokenizer/base-100k,assets/tokenizers/5120_tokenizer.json,Finetune-GUE/GUE/prom/prom_300_all,3e-05,0.01,0.04,0,4,LINEAR,42,128,128,1,True,70,EPOCH,EPOCH,1,True,eval_f1,True,4,82.4507,91.2162,91.2133,91.2426,91.2081
100k,base,GUE,prom/prom_300_notata,EvoLenTokenizer/base-100k-sft-checkpoints,GUE/prom/prom_300_notata,EvoLenTokenizer/base-100k,assets/tokenizers/5120_tokenizer.json,Finetune-GUE/GUE/prom/prom_300_notata,3e-05,0.0,0.06,0,4,LINEAR,42,128,128,1,True,70,EPOCH,EPOCH,1,True,eval_f1,True,3,89.4849,94.7428,94.7419,94.7453,94.7396
100k,base,GUE,prom/prom_300_tata,EvoLenTokenizer/base-100k-sft-checkpoints,GUE/prom/prom_300_tata,EvoLenTokenizer/base-100k,assets/tokenizers/5120_tokenizer.json,Finetune-GUE/GUE/prom/prom_300_tata,3e-05,0.0,0.06,0,3,LINEAR,42,128,128,1,True,70,EPOCH,EPOCH,1,True,eval_f1,True,3,57.4102,78.6297,78.6295,78.7109,78.6993
100k,base,GUE,prom/prom_core_all,EvoLenTokenizer/base-100k-sft-checkpoints,GUE/prom/prom_core_all,EvoLenTokenizer/base-100k,assets/tokenizers/5120_tokenizer.json,Finetune-GUE/GUE/prom/prom_core_all,3e-05,0.0,0.06,0,3,LINEAR,42,128,128,1,True,20,EPOCH,EPOCH,1,True,eval_f1,True,3,62.311,81.1486,81.1477,81.1598,81.1512
100k,base,GUE,prom/prom_core_notata,EvoLenTokenizer/base-100k-sft-checkpoints,GUE/prom/prom_core_notata,EvoLenTokenizer/base-100k,assets/tokenizers/5120_tokenizer.json,Finetune-GUE/GUE/prom/prom_core_notata,3e-05,0.0,0.04,0,2,LINEAR,42,128,128,1,True,20,EPOCH,EPOCH,1,True,eval_f1,True,2,65.8414,82.9094,82.9075,82.9295,82.9119
100k,base,GUE,prom/prom_core_tata,EvoLenTokenizer/base-100k-sft-checkpoints,GUE/prom/prom_core_tata,EvoLenTokenizer/base-100k,assets/tokenizers/5120_tokenizer.json,Finetune-GUE/GUE/prom/prom_core_tata,3e-05,0.01,0.1,0,11,LINEAR,42,128,128,1,True,20,EPOCH,EPOCH,1,True,eval_f1,True,4,64.5892,82.0555,82.0095,82.4881,82.1022
100k,base,GUE,splice/reconstructed,EvoLenTokenizer/base-100k-sft-checkpoints,GUE/splice/reconstructed,EvoLenTokenizer/base-100k,assets/tokenizers/5120_tokenizer.json,Finetune-GUE/GUE/splice/reconstructed,3e-05,0.0,0.06,0,8,LINEAR,42,128,128,1,True,80,EPOCH,EPOCH,1,True,eval_f1,True,8,78.526,87.352,86.5704,86.2242,86.9331
100k,base,GUE,tf/0,EvoLenTokenizer/base-100k-sft-checkpoints,GUE/tf/0,EvoLenTokenizer/base-100k,assets/tokenizers/5120_tokenizer.json,Finetune-GUE/GUE/tf/0,3e-05,0.01,0.02,0,3,LINEAR,42,128,128,1,True,30,EPOCH,EPOCH,1,True,eval_f1,True,3,67.254,83.4,83.344,83.8556,83.4
100k,base,GUE,tf/1,EvoLenTokenizer/base-100k-sft-checkpoints,GUE/tf/1,EvoLenTokenizer/base-100k,assets/tokenizers/5120_tokenizer.json,Finetune-GUE/GUE/tf/1,3e-05,0.01,0.06,0,2,LINEAR,42,128,128,1,True,30,EPOCH,EPOCH,1,True,eval_f1,True,1,64.9087,81.0,80.5745,83.9769,81.0
100k,base,GUE,tf/2,EvoLenTokenizer/base-100k-sft-checkpoints,GUE/tf/2,EvoLenTokenizer/base-100k,assets/tokenizers/5120_tokenizer.json,Finetune-GUE/GUE/tf/2,3e-05,0.05,0.06,0,5,LINEAR,42,128,128,1,True,30,EPOCH,EPOCH,1,True,eval_f1,True,1,52.1132,75.8,75.6808,76.3158,75.8
100k,base,GUE,tf/3,EvoLenTokenizer/base-100k-sft-checkpoints,GUE/tf/3,EvoLenTokenizer/base-100k,assets/tokenizers/5120_tokenizer.json,Finetune-GUE/GUE/tf/3,3e-05,0.01,0.1,0,4,LINEAR,42,128,128,1,True,30,EPOCH,EPOCH,1,True,eval_f1,True,2,40.235,69.1,68.3191,71.1892,69.1
100k,base,GUE,tf/4,EvoLenTokenizer/base-100k-sft-checkpoints,GUE/tf/4,EvoLenTokenizer/base-100k,assets/tokenizers/5120_tokenizer.json,Finetune-GUE/GUE/tf/4,3e-05,0.01,0.03,0,5,LINEAR,42,128,128,1,True,30,EPOCH,EPOCH,1,True,eval_f1,True,5,64.2464,82.1,82.0935,82.1464,82.1
100k,base,NT,H2AFZ,EvoLenTokenizer/base-100k-sft-checkpoints,NT/H2AFZ,EvoLenTokenizer/base-100k,assets/tokenizers/5120_tokenizer.json,mario/Finetune-NucleotideTransformerBenchmarks/NT-benchmarks/nucleotide_transformer_downstream_tasks_revised/H2AFZ/split,3e-05,0.03,0.03,0,4,LINEAR,42,128,128,1,True,220,EPOCH,EPOCH,1,True,eval_f1,True,3,48.1101,73.9394,73.769,74.2985,73.814
100k,base,NT,H3K27ac,EvoLenTokenizer/base-100k-sft-checkpoints,NT/H3K27ac,EvoLenTokenizer/base-100k,assets/tokenizers/5120_tokenizer.json,mario/Finetune-NucleotideTransformerBenchmarks/NT-benchmarks/nucleotide_transformer_downstream_tasks_revised/H3K27ac/split,3e-05,0.0,0.03,0,2,LINEAR,42,128,128,1,True,220,EPOCH,EPOCH,1,True,eval_f1,True,2,46.5431,73.2532,73.2532,73.2708,73.2722
100k,base,NT,H3K27me3,EvoLenTokenizer/base-100k-sft-checkpoints,NT/H3K27me3,EvoLenTokenizer/base-100k,assets/tokenizers/5120_tokenizer.json,mario/Finetune-NucleotideTransformerBenchmarks/NT-benchmarks/nucleotide_transformer_downstream_tasks_revised/H3K27me3/split,3e-05,0.01,0.03,0,3,LINEAR,42,128,128,1,True,220,EPOCH,EPOCH,1,True,eval_f1,True,3,58.1443,78.9091,78.8763,79.1866,78.9581
100k,base,NT,H3K36me3,EvoLenTokenizer/base-100k-sft-checkpoints,NT/H3K36me3,EvoLenTokenizer/base-100k,assets/tokenizers/5120_tokenizer.json,mario/Finetune-NucleotideTransformerBenchmarks/NT-benchmarks/nucleotide_transformer_downstream_tasks_revised/H3K36me3/split,3e-05,0.03,0.1,0,3,LINEAR,42,128,128,1,True,220,EPOCH,EPOCH,1,True,eval_f1,True,3,62.091,81.0,80.9917,81.079,81.012
100k,base,NT,H3K4me1,EvoLenTokenizer/base-100k-sft-checkpoints,NT/H3K4me1,EvoLenTokenizer/base-100k,assets/tokenizers/5120_tokenizer.json,mario/Finetune-NucleotideTransformerBenchmarks/NT-benchmarks/nucleotide_transformer_downstream_tasks_revised/H3K4me1/split,3e-05,0.01,0.06,0,3,LINEAR,42,128,128,1,True,220,EPOCH,EPOCH,1,True,eval_f1,True,2,45.2294,72.303,72.209,72.8135,72.4176
100k,base,NT,H3K4me2,EvoLenTokenizer/base-100k-sft-checkpoints,NT/H3K4me2,EvoLenTokenizer/base-100k,assets/tokenizers/5120_tokenizer.json,mario/Finetune-NucleotideTransformerBenchmarks/NT-benchmarks/nucleotide_transformer_downstream_tasks_revised/H3K4me2/split,3e-05,0.01,0.1,0,4,LINEAR,42,128,128,1,True,220,EPOCH,EPOCH,1,True,eval_f1,True,4,54.699,77.3872,77.3455,77.3663,77.3327
100k,base,NT,H3K4me3,EvoLenTokenizer/base-100k-sft-checkpoints,NT/H3K4me3,EvoLenTokenizer/base-100k,assets/tokenizers/5120_tokenizer.json,mario/Finetune-NucleotideTransformerBenchmarks/NT-benchmarks/nucleotide_transformer_downstream_tasks_revised/H3K4me3/split,3e-05,0.01,0.1,0,3,LINEAR,42,128,128,1,True,220,EPOCH,EPOCH,1,True,eval_f1,True,1,64.7151,82.0822,82.0169,82.6106,82.1065
100k,base,NT,H3K9ac,EvoLenTokenizer/base-100k-sft-checkpoints,NT/H3K9ac,EvoLenTokenizer/base-100k,assets/tokenizers/5120_tokenizer.json,mario/Finetune-NucleotideTransformerBenchmarks/NT-benchmarks/nucleotide_transformer_downstream_tasks_revised/H3K9ac/split,3e-05,0.03,0.1,0,2,LINEAR,42,128,128,1,True,220,EPOCH,EPOCH,1,True,eval_f1,True,2,53.759,76.8629,76.8586,76.8915,76.8675
100k,base,NT,H3K9me3,EvoLenTokenizer/base-100k-sft-checkpoints,NT/H3K9me3,EvoLenTokenizer/base-100k,assets/tokenizers/5120_tokenizer.json,mario/Finetune-NucleotideTransformerBenchmarks/NT-benchmarks/nucleotide_transformer_downstream_tasks_revised/H3K9me3/split,3e-05,0.01,0.03,0,3,LINEAR,42,128,128,1,True,220,EPOCH,EPOCH,1,True,eval_f1,True,3,38.8894,69.364,69.3631,69.4518,69.4376
100k,base,NT,H4K20me1,EvoLenTokenizer/base-100k-sft-checkpoints,NT/H4K20me1,EvoLenTokenizer/base-100k,assets/tokenizers/5120_tokenizer.json,mario/Finetune-NucleotideTransformerBenchmarks/NT-benchmarks/nucleotide_transformer_downstream_tasks_revised/H4K20me1/split,3e-05,0.01,0.06,0,2,LINEAR,42,128,128,1,True,220,EPOCH,EPOCH,1,True,eval_f1,True,2,65.2201,82.5225,82.514,82.6591,82.5611
100k,base,NT,enhancers,EvoLenTokenizer/base-100k-sft-checkpoints,NT/enhancers,EvoLenTokenizer/base-100k,assets/tokenizers/5120_tokenizer.json,mario/Finetune-NucleotideTransformerBenchmarks/NT-benchmarks/nucleotide_transformer_downstream_tasks_revised/enhancers/split,3e-05,0.03,0.03,0,3,LINEAR,42,128,128,1,True,100,EPOCH,EPOCH,1,True,eval_f1,True,1,51.065,75.5152,75.5151,75.532,75.533
100k,base,NT,enhancers_types,EvoLenTokenizer/base-100k-sft-checkpoints,NT/enhancers_types,EvoLenTokenizer/base-100k,assets/tokenizers/5120_tokenizer.json,mario/Finetune-NucleotideTransformerBenchmarks/NT-benchmarks/nucleotide_transformer_downstream_tasks_revised/enhancers_types/split,3e-05,0.0,0.03,0,1,LINEAR,42,128,128,1,True,100,EPOCH,EPOCH,1,True,eval_f1,True,1,46.349,71.7273,48.8277,48.0078,50.0417
100k,base,NT,promoter_all,EvoLenTokenizer/base-100k-sft-checkpoints,NT/promoter_all,EvoLenTokenizer/base-100k,assets/tokenizers/5120_tokenizer.json,mario/Finetune-NucleotideTransformerBenchmarks/NT-benchmarks/nucleotide_transformer_downstream_tasks_revised/promoter_all/split,3e-05,0.01,0.1,0,4,LINEAR,42,128,128,1,True,80,EPOCH,EPOCH,1,True,eval_f1,True,3,73.8534,86.9262,86.9252,86.9294,86.924
100k,base,NT,promoter_no_tata,EvoLenTokenizer/base-100k-sft-checkpoints,NT/promoter_no_tata,EvoLenTokenizer/base-100k,assets/tokenizers/5120_tokenizer.json,mario/Finetune-NucleotideTransformerBenchmarks/NT-benchmarks/nucleotide_transformer_downstream_tasks_revised/promoter_no_tata/split,3e-05,0.0,0.03,0,2,LINEAR,42,128,128,1,True,80,EPOCH,EPOCH,1,True,eval_f1,True,2,76.2483,88.0497,88.0133,88.2738,87.9751
100k,base,NT,promoter_tata,EvoLenTokenizer/base-100k-sft-checkpoints,NT/promoter_tata,EvoLenTokenizer/base-100k,assets/tokenizers/5120_tokenizer.json,mario/Finetune-NucleotideTransformerBenchmarks/NT-benchmarks/nucleotide_transformer_downstream_tasks_revised/promoter_tata/split,3e-05,0.05,0.1,0,6,LINEAR,42,128,128,1,True,80,EPOCH,EPOCH,1,True,eval_f1,True,6,73.8581,86.9318,86.9213,86.949,86.9092
100k,base,NT,splice_sites_acceptors,EvoLenTokenizer/base-100k-sft-checkpoints,NT/splice_sites_acceptors,EvoLenTokenizer/base-100k,assets/tokenizers/5120_tokenizer.json,mario/Finetune-NucleotideTransformerBenchmarks/NT-benchmarks/nucleotide_transformer_downstream_tasks_revised/splice_sites_acceptors/split,3e-05,0.03,0.03,0,5,LINEAR,42,128,128,1,True,140,EPOCH,EPOCH,1,True,eval_f1,True,4,66.8708,83.4242,83.417,83.4146,83.4562
100k,base,NT,splice_sites_all,EvoLenTokenizer/base-100k-sft-checkpoints,NT/splice_sites_all,EvoLenTokenizer/base-100k,assets/tokenizers/5120_tokenizer.json,mario/Finetune-NucleotideTransformerBenchmarks/NT-benchmarks/nucleotide_transformer_downstream_tasks_revised/splice_sites_all/split,3e-05,0.01,0.06,0,10,LINEAR,42,128,128,1,True,140,EPOCH,EPOCH,1,True,eval_f1,True,10,67.42,78.2727,78.3057,78.2688,78.3781
100k,base,NT,splice_sites_donors,EvoLenTokenizer/base-100k-sft-checkpoints,NT/splice_sites_donors,EvoLenTokenizer/base-100k,assets/tokenizers/5120_tokenizer.json,mario/Finetune-NucleotideTransformerBenchmarks/NT-benchmarks/nucleotide_transformer_downstream_tasks_revised/splice_sites_donors/split,3e-05,0.0,0.03,0,8,LINEAR,42,128,128,1,True,140,EPOCH,EPOCH,1,True,eval_f1,True,8,73.6307,86.8182,86.8131,86.8228,86.8079
100k,base,multi-ATAC,human_mouse_superclass_allchr,EvoLenTokenizer/base-100k-sft-checkpoints,multi-ATAC/human_mouse_superclass_allchr,EvoLenTokenizer/base-100k,assets/tokenizers/5120_tokenizer.json,Finetune-screen/finetune_data/human_mouse_superclass_allchr,3e-05,0.0,0.03,0,4,LINEAR,42,128,128,1,True,200,EPOCH,EPOCH,1,True,eval_f1,True,3,12.151,38.2152,27.1392,36.4476,31.57
100k,base,multi-SCREEN,allchr_csv,EvoLenTokenizer/base-100k-sft-checkpoints,multi-SCREEN/allchr_csv,EvoLenTokenizer/base-100k,assets/tokenizers/5120_tokenizer.json,Finetune-screen/finetune_data/allchr_csv,3e-05,0.0,0.01,0,3,LINEAR,42,128,128,1,True,200,EPOCH,EPOCH,1,True,eval_f1,True,3,21.9183,31.4754,30.4127,30.6515,31.6041
100k,evolen,GBM,demo_coding_vs_intergenomic_seqs,EvoLenTokenizer/evolen-100k-sft-checkpoints,GBM/demo_coding_vs_intergenomic_seqs,EvoLenTokenizer/evolen-100k,assets/tokenizers/merge_tokenizer_unigram_len2.json,Finetune-GenomicBenchmarks/ft_data/demo_coding_vs_intergenomic_seqs/split,3e-05,0.0,0.06,0,6,LINEAR,42,128,128,1,True,100,EPOCH,EPOCH,1,True,eval_f1,True,3,81.4178,90.7,90.6979,90.7223,90.6955
100k,evolen,GBM,demo_human_or_worm,EvoLenTokenizer/evolen-100k-sft-checkpoints,GBM/demo_human_or_worm,EvoLenTokenizer/evolen-100k,assets/tokenizers/merge_tokenizer_unigram_len2.json,Finetune-GenomicBenchmarks/ft_data/demo_human_or_worm/split,3e-05,0.03,0.06,0,8,LINEAR,42,128,128,1,True,512,EPOCH,EPOCH,1,True,eval_f1,True,8,92.1426,96.07,96.07,96.0712,96.0714
100k,evolen,GBM,drosophila_enhancers_stark,EvoLenTokenizer/evolen-100k-sft-checkpoints,GBM/drosophila_enhancers_stark,EvoLenTokenizer/evolen-100k,assets/tokenizers/merge_tokenizer_unigram_len2.json,Finetune-GenomicBenchmarks/ft_data/drosophila_enhancers_stark/split,3e-05,0.05,0.15,0,10,LINEAR,42,128,128,1,True,512,EPOCH,EPOCH,1,True,eval_f1,True,4,54.8676,77.6012,77.414,77.514,77.3538
100k,evolen,GBM,dummy_mouse_enhancers_ensembl,EvoLenTokenizer/evolen-100k-sft-checkpoints,GBM/dummy_mouse_enhancers_ensembl,EvoLenTokenizer/evolen-100k,assets/tokenizers/merge_tokenizer_unigram_len2.json,Finetune-GenomicBenchmarks/ft_data/dummy_mouse_enhancers_ensembl/split,3e-05,0.01,0.1,0,12,LINEAR,42,128,128,1,True,512,EPOCH,EPOCH,1,True,eval_f1,True,8,63.8409,81.8182,81.717,81.684,82.1587
100k,evolen,GBM,human_enhancers_cohn,EvoLenTokenizer/evolen-100k-sft-checkpoints,GBM/human_enhancers_cohn,EvoLenTokenizer/evolen-100k,assets/tokenizers/merge_tokenizer_unigram_len2.json,Finetune-GenomicBenchmarks/ft_data/human_enhancers_cohn/split,3e-05,0.0,0.03,0,6,LINEAR,42,128,128,1,True,100,EPOCH,EPOCH,1,True,eval_f1,True,1,49.7261,74.8561,74.8483,74.8753,74.8507
100k,evolen,GBM,human_enhancers_ensembl,EvoLenTokenizer/evolen-100k-sft-checkpoints,GBM/human_enhancers_ensembl,EvoLenTokenizer/evolen-100k,assets/tokenizers/merge_tokenizer_unigram_len2.json,Finetune-GenomicBenchmarks/ft_data/human_enhancers_ensembl/split,3e-05,0.0,0.05,0,5,LINEAR,42,128,128,1,True,512,EPOCH,EPOCH,1,True,eval_f1,True,5,78.303,89.0798,89.0548,89.2751,89.0283
100k,evolen,GBM,human_ensembl_regulatory,EvoLenTokenizer/evolen-100k-sft-checkpoints,GBM/human_ensembl_regulatory,EvoLenTokenizer/evolen-100k,assets/tokenizers/merge_tokenizer_unigram_len2.json,Finetune-GenomicBenchmarks/ft_data/human_ensembl_regulatory/split,3e-05,0.0,0.03,0,5,LINEAR,42,128,128,1,True,250,EPOCH,EPOCH,1,True,eval_f1,True,5,84.3082,89.5112,89.6355,90.1631,89.3762
100k,evolen,GBM,human_nontata_promoters,EvoLenTokenizer/evolen-100k-sft-checkpoints,GBM/human_nontata_promoters,EvoLenTokenizer/evolen-100k,assets/tokenizers/merge_tokenizer_unigram_len2.json,Finetune-GenomicBenchmarks/ft_data/human_nontata_promoters/split,3e-05,0.0,0.06,0,10,LINEAR,42,128,128,1,True,100,EPOCH,EPOCH,1,True,eval_f1,True,9,89.1403,94.4936,94.4737,94.3994,94.7416
100k,evolen,GBM,human_ocr_ensembl,EvoLenTokenizer/evolen-100k-sft-checkpoints,GBM/human_ocr_ensembl,EvoLenTokenizer/evolen-100k,assets/tokenizers/merge_tokenizer_unigram_len2.json,Finetune-GenomicBenchmarks/ft_data/human_ocr_ensembl/split,3e-05,0.01,0.05,0,3,LINEAR,42,128,128,1,True,100,EPOCH,EPOCH,1,True,eval_f1,True,3,49.966,74.9714,74.9689,74.9899,74.9761
100k,evolen,GUE,EMP/H3,EvoLenTokenizer/evolen-100k-sft-checkpoints,GUE/EMP/H3,EvoLenTokenizer/evolen-100k,assets/tokenizers/merge_tokenizer_unigram_len2.json,Finetune-GUE/GUE/EMP/H3,3e-05,0.05,0.06,0,10,LINEAR,42,128,128,1,False,128,EPOCH,EPOCH,1,True,eval_f1,True,8,73.9486,86.9739,86.9711,86.9808,86.9677
100k,evolen,GUE,EMP/H3K14ac,EvoLenTokenizer/evolen-100k-sft-checkpoints,GUE/EMP/H3K14ac,EvoLenTokenizer/evolen-100k,assets/tokenizers/merge_tokenizer_unigram_len2.json,Finetune-GUE/GUE/EMP/H3K14ac,3e-05,0.05,0.1,0,10,LINEAR,42,128,128,1,False,128,EPOCH,EPOCH,1,True,eval_f1,True,6,40.1359,70.5598,70.048,69.9793,70.157
100k,evolen,GUE,EMP/H3K36me3,EvoLenTokenizer/evolen-100k-sft-checkpoints,GUE/EMP/H3K36me3,EvoLenTokenizer/evolen-100k,assets/tokenizers/merge_tokenizer_unigram_len2.json,Finetune-GUE/GUE/EMP/H3K36me3,3e-05,0.05,0.1,0,8,LINEAR,42,128,128,1,False,128,EPOCH,EPOCH,1,True,eval_f1,True,5,44.5058,72.5631,72.2491,72.2186,72.2872
100k,evolen,GUE,EMP/H3K4me1,EvoLenTokenizer/evolen-100k-sft-checkpoints,GUE/EMP/H3K4me1,EvoLenTokenizer/evolen-100k,assets/tokenizers/merge_tokenizer_unigram_len2.json,Finetune-GUE/GUE/EMP/H3K4me1,3e-05,0.05,0.06,0,8,LINEAR,42,128,128,1,False,128,EPOCH,EPOCH,1,True,eval_f1,True,3,36.2809,68.3081,68.119,68.0908,68.1902
100k,evolen,GUE,EMP/H3K4me2,EvoLenTokenizer/evolen-100k-sft-checkpoints,GUE/EMP/H3K4me2,EvoLenTokenizer/evolen-100k,assets/tokenizers/merge_tokenizer_unigram_len2.json,Finetune-GUE/GUE/EMP/H3K4me2,3e-05,0.0,0.1,0,6,LINEAR,42,128,128,1,False,128,EPOCH,EPOCH,1,True,eval_f1,True,1,30.4098,67.0577,64.485,66.1187,64.343
100k,evolen,GUE,EMP/H3K4me3,EvoLenTokenizer/evolen-100k-sft-checkpoints,GUE/EMP/H3K4me3,EvoLenTokenizer/evolen-100k,assets/tokenizers/merge_tokenizer_unigram_len2.json,Finetune-GUE/GUE/EMP/H3K4me3,3e-05,0.01,0.03,0,10,LINEAR,42,128,128,1,False,128,EPOCH,EPOCH,1,True,eval_f1,True,3,26.094,63.0707,63.0179,63.0258,63.0682
100k,evolen,GUE,EMP/H3K79me3,EvoLenTokenizer/evolen-100k-sft-checkpoints,GUE/EMP/H3K79me3,EvoLenTokenizer/evolen-100k,assets/tokenizers/merge_tokenizer_unigram_len2.json,Finetune-GUE/GUE/EMP/H3K79me3,3e-05,0.0,0.06,0,10,LINEAR,42,128,128,1,False,128,EPOCH,EPOCH,1,True,eval_f1,True,4,58.9779,79.473,79.4472,79.4412,79.5368
100k,evolen,GUE,EMP/H3K9ac,EvoLenTokenizer/evolen-100k-sft-checkpoints,GUE/EMP/H3K9ac,EvoLenTokenizer/evolen-100k,assets/tokenizers/merge_tokenizer_unigram_len2.json,Finetune-GUE/GUE/EMP/H3K9ac,3e-05,0.05,0.03,0,6,LINEAR,42,128,128,1,False,128,EPOCH,EPOCH,1,True,eval_f1,True,3,49.2805,74.2353,74.2134,74.5312,74.7498
100k,evolen,GUE,EMP/H4,EvoLenTokenizer/evolen-100k-sft-checkpoints,GUE/EMP/H4,EvoLenTokenizer/evolen-100k,assets/tokenizers/merge_tokenizer_unigram_len2.json,Finetune-GUE/GUE/EMP/H4,3e-05,0.01,0.06,0,8,LINEAR,42,128,128,1,False,128,EPOCH,EPOCH,1,True,eval_f1,True,3,73.8651,87.1321,86.9084,87.0944,86.7715
100k,evolen,GUE,EMP/H4ac,EvoLenTokenizer/evolen-100k-sft-checkpoints,GUE/EMP/H4ac,EvoLenTokenizer/evolen-100k,assets/tokenizers/merge_tokenizer_unigram_len2.json,Finetune-GUE/GUE/EMP/H4ac,3e-05,0.05,0.03,0,10,LINEAR,42,128,128,1,False,128,EPOCH,EPOCH,1,True,eval_f1,True,6,34.5971,67.3607,67.2822,67.2722,67.325
100k,evolen,GUE,mouse/0,EvoLenTokenizer/evolen-100k-sft-checkpoints,GUE/mouse/0,EvoLenTokenizer/evolen-100k,assets/tokenizers/merge_tokenizer_unigram_len2.json,Finetune-GUE/GUE/mouse/0,3e-05,0.05,0.1,0,8,LINEAR,42,128,128,1,True,30,EPOCH,EPOCH,1,True,eval_f1,True,5,43.0894,71.4815,71.4396,71.6081,71.4815
100k,evolen,GUE,mouse/1,EvoLenTokenizer/evolen-100k-sft-checkpoints,GUE/mouse/1,EvoLenTokenizer/evolen-100k,assets/tokenizers/merge_tokenizer_unigram_len2.json,Finetune-GUE/GUE/mouse/1,3e-05,0.01,0.06,0,4,LINEAR,42,128,128,1,True,30,EPOCH,EPOCH,1,True,eval_f1,True,4,79.0509,89.5182,89.5172,89.5329,89.518
100k,evolen,GUE,mouse/2,EvoLenTokenizer/evolen-100k-sft-checkpoints,GUE/mouse/2,EvoLenTokenizer/evolen-100k,assets/tokenizers/merge_tokenizer_unigram_len2.json,Finetune-GUE/GUE/mouse/2,3e-05,0.01,0.15,0,10,LINEAR,42,128,128,1,True,30,EPOCH,EPOCH,1,True,eval_f1,True,7,75.6604,87.8049,87.8008,87.8555,87.8049
100k,evolen,GUE,mouse/3,EvoLenTokenizer/evolen-100k-sft-checkpoints,GUE/mouse/3,EvoLenTokenizer/evolen-100k,assets/tokenizers/merge_tokenizer_unigram_len2.json,Finetune-GUE/GUE/mouse/3,3e-05,0.05,0.15,0,12,LINEAR,42,128,128,1,True,30,EPOCH,EPOCH,1,True,eval_f1,True,12,60.7151,80.3347,80.3223,80.3895,80.3256
100k,evolen,GUE,mouse/4,EvoLenTokenizer/evolen-100k-sft-checkpoints,GUE/mouse/4,EvoLenTokenizer/evolen-100k,assets/tokenizers/merge_tokenizer_unigram_len2.json,Finetune-GUE/GUE/mouse/4,3e-05,0.05,0.1,0,8,LINEAR,42,128,128,1,True,30,EPOCH,EPOCH,1,True,eval_f1,True,8,35.2368,67.6049,67.5937,67.631,67.6059
100k,evolen,GUE,prom/prom_300_all,EvoLenTokenizer/evolen-100k-sft-checkpoints,GUE/prom/prom_300_all,EvoLenTokenizer/evolen-100k,assets/tokenizers/merge_tokenizer_unigram_len2.json,Finetune-GUE/GUE/prom/prom_300_all,3e-05,0.01,0.04,0,4,LINEAR,42,128,128,1,True,70,EPOCH,EPOCH,1,True,eval_f1,True,4,82.7199,91.3514,91.3486,91.3765,91.3434
100k,evolen,GUE,prom/prom_300_notata,EvoLenTokenizer/evolen-100k-sft-checkpoints,GUE/prom/prom_300_notata,EvoLenTokenizer/evolen-100k,assets/tokenizers/merge_tokenizer_unigram_len2.json,Finetune-GUE/GUE/prom/prom_300_notata,3e-05,0.0,0.06,0,4,LINEAR,42,128,128,1,True,70,EPOCH,EPOCH,1,True,eval_f1,True,4,90.6925,95.3458,95.3455,95.3442,95.3483
100k,evolen,GUE,prom/prom_300_tata,EvoLenTokenizer/evolen-100k-sft-checkpoints,GUE/prom/prom_300_tata,EvoLenTokenizer/evolen-100k,assets/tokenizers/merge_tokenizer_unigram_len2.json,Finetune-GUE/GUE/prom/prom_300_tata,3e-05,0.0,0.06,0,12,LINEAR,42,128,128,1,True,70,EPOCH,EPOCH,1,True,eval_f1,True,3,62.1413,81.0767,81.0282,81.1427,80.9987
100k,evolen,GUE,prom/prom_core_all,EvoLenTokenizer/evolen-100k-sft-checkpoints,GUE/prom/prom_core_all,EvoLenTokenizer/evolen-100k,assets/tokenizers/merge_tokenizer_unigram_len2.json,Finetune-GUE/GUE/prom/prom_core_all,3e-05,0.0,0.06,0,6,LINEAR,42,128,128,1,True,20,EPOCH,EPOCH,1,True,eval_f1,True,3,62.6902,81.3345,81.3327,81.3525,81.3377
100k,evolen,GUE,prom/prom_core_notata,EvoLenTokenizer/evolen-100k-sft-checkpoints,GUE/prom/prom_core_notata,EvoLenTokenizer/evolen-100k,assets/tokenizers/merge_tokenizer_unigram_len2.json,Finetune-GUE/GUE/prom/prom_core_notata,3e-05,0.0,0.04,0,4,LINEAR,42,128,128,1,True,20,EPOCH,EPOCH,1,True,eval_f1,True,2,65.9776,82.9847,82.9828,82.9947,82.9829
100k,evolen,GUE,prom/prom_core_tata,EvoLenTokenizer/evolen-100k-sft-checkpoints,GUE/prom/prom_core_tata,EvoLenTokenizer/evolen-100k,assets/tokenizers/merge_tokenizer_unigram_len2.json,Finetune-GUE/GUE/prom/prom_core_tata,3e-05,0.01,0.1,0,12,LINEAR,42,128,128,1,True,20,EPOCH,EPOCH,1,True,eval_f1,True,11,62.1542,81.0767,81.0762,81.0761,81.0781
100k,evolen,GUE,splice/reconstructed,EvoLenTokenizer/evolen-100k-sft-checkpoints,GUE/splice/reconstructed,EvoLenTokenizer/evolen-100k,assets/tokenizers/merge_tokenizer_unigram_len2.json,Finetune-GUE/GUE/splice/reconstructed,3e-05,0.0,0.06,0,8,LINEAR,42,128,128,1,True,80,EPOCH,EPOCH,1,True,eval_f1,True,8,75.2177,85.5107,84.5131,84.6417,84.4163
100k,evolen,GUE,tf/0,EvoLenTokenizer/evolen-100k-sft-checkpoints,GUE/tf/0,EvoLenTokenizer/evolen-100k,assets/tokenizers/merge_tokenizer_unigram_len2.json,Finetune-GUE/GUE/tf/0,3e-05,0.01,0.02,0,6,LINEAR,42,128,128,1,True,30,EPOCH,EPOCH,1,True,eval_f1,True,3,65.5089,82.3,82.1772,83.2153,82.3
100k,evolen,GUE,tf/1,EvoLenTokenizer/evolen-100k-sft-checkpoints,GUE/tf/1,EvoLenTokenizer/evolen-100k,assets/tokenizers/merge_tokenizer_unigram_len2.json,Finetune-GUE/GUE/tf/1,3e-05,0.01,0.06,0,4,LINEAR,42,128,128,1,True,30,EPOCH,EPOCH,1,True,eval_f1,True,2,67.7574,83.6,83.5325,84.1597,83.6
100k,evolen,GUE,tf/2,EvoLenTokenizer/evolen-100k-sft-checkpoints,GUE/tf/2,EvoLenTokenizer/evolen-100k,assets/tokenizers/merge_tokenizer_unigram_len2.json,Finetune-GUE/GUE/tf/2,3e-05,0.05,0.06,0,6,LINEAR,42,128,128,1,True,30,EPOCH,EPOCH,1,True,eval_f1,True,5,57.1742,78.5,78.4672,78.6745,78.5
100k,evolen,GUE,tf/3,EvoLenTokenizer/evolen-100k-sft-checkpoints,GUE/tf/3,EvoLenTokenizer/evolen-100k,assets/tokenizers/merge_tokenizer_unigram_len2.json,Finetune-GUE/GUE/tf/3,3e-05,0.01,0.1,0,6,LINEAR,42,128,128,1,True,30,EPOCH,EPOCH,1,True,eval_f1,True,4,45.7033,72.6,72.4491,73.1061,72.6
100k,evolen,GUE,tf/4,EvoLenTokenizer/evolen-100k-sft-checkpoints,GUE/tf/4,EvoLenTokenizer/evolen-100k,assets/tokenizers/merge_tokenizer_unigram_len2.json,Finetune-GUE/GUE/tf/4,3e-05,0.0,0.1,0,6,LINEAR,42,128,128,1,True,30,EPOCH,EPOCH,1,True,eval_f1,True,6,69.0864,84.5,84.4903,84.5865,84.5
100k,evolen,NT,H2AFZ,EvoLenTokenizer/evolen-100k-sft-checkpoints,NT/H2AFZ,EvoLenTokenizer/evolen-100k,assets/tokenizers/merge_tokenizer_unigram_len2.json,mario/Finetune-NucleotideTransformerBenchmarks/NT-benchmarks/nucleotide_transformer_downstream_tasks_revised/H2AFZ/split,3e-05,0.03,0.03,0,8,LINEAR,42,128,128,1,True,220,EPOCH,EPOCH,1,True,eval_f1,True,4,49.2978,74.1212,73.6614,75.4223,73.8991
100k,evolen,NT,H3K27ac,EvoLenTokenizer/evolen-100k-sft-checkpoints,NT/H3K27ac,EvoLenTokenizer/evolen-100k,assets/tokenizers/merge_tokenizer_unigram_len2.json,mario/Finetune-NucleotideTransformerBenchmarks/NT-benchmarks/nucleotide_transformer_downstream_tasks_revised/H3K27ac/split,3e-05,0.0,0.03,0,10,LINEAR,42,128,128,1,True,220,EPOCH,EPOCH,1,True,eval_f1,True,2,45.9721,72.9371,72.8295,73.1208,72.8521
100k,evolen,NT,H3K27me3,EvoLenTokenizer/evolen-100k-sft-checkpoints,NT/H3K27me3,EvoLenTokenizer/evolen-100k,assets/tokenizers/merge_tokenizer_unigram_len2.json,mario/Finetune-NucleotideTransformerBenchmarks/NT-benchmarks/nucleotide_transformer_downstream_tasks_revised/H3K27me3/split,3e-05,0.01,0.03,0,6,LINEAR,42,128,128,1,True,220,EPOCH,EPOCH,1,True,eval_f1,True,3,58.5869,79.1515,79.1248,79.3904,79.1968
100k,evolen,NT,H3K36me3,EvoLenTokenizer/evolen-100k-sft-checkpoints,NT/H3K36me3,EvoLenTokenizer/evolen-100k,assets/tokenizers/merge_tokenizer_unigram_len2.json,mario/Finetune-NucleotideTransformerBenchmarks/NT-benchmarks/nucleotide_transformer_downstream_tasks_revised/H3K36me3/split,3e-05,0.03,0.1,0,6,LINEAR,42,128,128,1,True,220,EPOCH,EPOCH,1,True,eval_f1,True,3,61.6643,80.3333,80.1958,81.2955,80.3756
100k,evolen,NT,H3K4me1,EvoLenTokenizer/evolen-100k-sft-checkpoints,NT/H3K4me1,EvoLenTokenizer/evolen-100k,assets/tokenizers/merge_tokenizer_unigram_len2.json,mario/Finetune-NucleotideTransformerBenchmarks/NT-benchmarks/nucleotide_transformer_downstream_tasks_revised/H3K4me1/split,3e-05,0.01,0.06,0,6,LINEAR,42,128,128,1,True,220,EPOCH,EPOCH,1,True,eval_f1,True,3,47.8,73.0303,72.7018,74.5899,73.2294
100k,evolen,NT,H3K4me2,EvoLenTokenizer/evolen-100k-sft-checkpoints,NT/H3K4me2,EvoLenTokenizer/evolen-100k,assets/tokenizers/merge_tokenizer_unigram_len2.json,mario/Finetune-NucleotideTransformerBenchmarks/NT-benchmarks/nucleotide_transformer_downstream_tasks_revised/H3K4me2/split,3e-05,0.01,0.1,0,8,LINEAR,42,128,128,1,True,220,EPOCH,EPOCH,1,True,eval_f1,True,4,58.456,79.0047,78.7259,79.7699,78.6959
100k,evolen,NT,H3K4me3,EvoLenTokenizer/evolen-100k-sft-checkpoints,NT/H3K4me3,EvoLenTokenizer/evolen-100k,assets/tokenizers/merge_tokenizer_unigram_len2.json,mario/Finetune-NucleotideTransformerBenchmarks/NT-benchmarks/nucleotide_transformer_downstream_tasks_revised/H3K4me3/split,3e-05,0.01,0.1,0,8,LINEAR,42,128,128,1,True,220,EPOCH,EPOCH,1,True,eval_f1,True,3,65.1169,82.411,82.3788,82.6889,82.4286
100k,evolen,NT,H3K9ac,EvoLenTokenizer/evolen-100k-sft-checkpoints,NT/H3K9ac,EvoLenTokenizer/evolen-100k,assets/tokenizers/merge_tokenizer_unigram_len2.json,mario/Finetune-NucleotideTransformerBenchmarks/NT-benchmarks/nucleotide_transformer_downstream_tasks_revised/H3K9ac/split,3e-05,0.03,0.1,0,10,LINEAR,42,128,128,1,True,220,EPOCH,EPOCH,1,True,eval_f1,True,2,54.5568,77.2334,77.2195,77.3156,77.2412
100k,evolen,NT,H3K9me3,EvoLenTokenizer/evolen-100k-sft-checkpoints,NT/H3K9me3,EvoLenTokenizer/evolen-100k,assets/tokenizers/merge_tokenizer_unigram_len2.json,mario/Finetune-NucleotideTransformerBenchmarks/NT-benchmarks/nucleotide_transformer_downstream_tasks_revised/H3K9me3/split,3e-05,0.01,0.03,0,6,LINEAR,42,128,128,1,True,220,EPOCH,EPOCH,1,True,eval_f1,True,3,42.0225,71.0247,71.009,71.0057,71.0168
100k,evolen,NT,H4K20me1,EvoLenTokenizer/evolen-100k-sft-checkpoints,NT/H4K20me1,EvoLenTokenizer/evolen-100k,assets/tokenizers/merge_tokenizer_unigram_len2.json,mario/Finetune-NucleotideTransformerBenchmarks/NT-benchmarks/nucleotide_transformer_downstream_tasks_revised/H4K20me1/split,3e-05,0.01,0.06,0,10,LINEAR,42,128,128,1,True,220,EPOCH,EPOCH,1,True,eval_f1,True,2,66.0354,83.0183,83.0169,83.0159,83.0195
100k,evolen,NT,enhancers,EvoLenTokenizer/evolen-100k-sft-checkpoints,NT/enhancers,EvoLenTokenizer/evolen-100k,assets/tokenizers/merge_tokenizer_unigram_len2.json,mario/Finetune-NucleotideTransformerBenchmarks/NT-benchmarks/nucleotide_transformer_downstream_tasks_revised/enhancers/split,3e-05,0.03,0.03,0,6,LINEAR,42,128,128,1,True,100,EPOCH,EPOCH,1,True,eval_f1,True,3,52.7454,75.8788,75.744,76.7352,76.0151
100k,evolen,NT,enhancers_types,EvoLenTokenizer/evolen-100k-sft-checkpoints,NT/enhancers_types,EvoLenTokenizer/evolen-100k,assets/tokenizers/merge_tokenizer_unigram_len2.json,mario/Finetune-NucleotideTransformerBenchmarks/NT-benchmarks/nucleotide_transformer_downstream_tasks_revised/enhancers_types/split,3e-05,0.0,0.03,0,6,LINEAR,42,128,128,1,True,100,EPOCH,EPOCH,1,True,eval_f1,True,1,46.502,70.9394,55.4356,65.4382,53.964
100k,evolen,NT,promoter_all,EvoLenTokenizer/evolen-100k-sft-checkpoints,NT/promoter_all,EvoLenTokenizer/evolen-100k,assets/tokenizers/merge_tokenizer_unigram_len2.json,mario/Finetune-NucleotideTransformerBenchmarks/NT-benchmarks/nucleotide_transformer_downstream_tasks_revised/promoter_all/split,3e-05,0.01,0.1,0,6,LINEAR,42,128,128,1,True,80,EPOCH,EPOCH,1,True,eval_f1,True,4,74.3711,87.1478,87.1376,87.2347,87.1364
100k,evolen,NT,promoter_no_tata,EvoLenTokenizer/evolen-100k-sft-checkpoints,NT/promoter_no_tata,EvoLenTokenizer/evolen-100k,assets/tokenizers/merge_tokenizer_unigram_len2.json,mario/Finetune-NucleotideTransformerBenchmarks/NT-benchmarks/nucleotide_transformer_downstream_tasks_revised/promoter_no_tata/split,3e-05,0.0,0.03,0,6,LINEAR,42,128,128,1,True,80,EPOCH,EPOCH,1,True,eval_f1,True,2,77.4754,88.6871,88.6594,88.8517,88.6241
100k,evolen,NT,promoter_tata,EvoLenTokenizer/evolen-100k-sft-checkpoints,NT/promoter_tata,EvoLenTokenizer/evolen-100k,assets/tokenizers/merge_tokenizer_unigram_len2.json,mario/Finetune-NucleotideTransformerBenchmarks/NT-benchmarks/nucleotide_transformer_downstream_tasks_revised/promoter_tata/split,3e-05,0.05,0.1,0,8,LINEAR,42,128,128,1,True,80,EPOCH,EPOCH,1,True,eval_f1,True,6,77.6596,88.8258,88.8142,88.863,88.7966
100k,evolen,NT,splice_sites_acceptors,EvoLenTokenizer/evolen-100k-sft-checkpoints,NT/splice_sites_acceptors,EvoLenTokenizer/evolen-100k,assets/tokenizers/merge_tokenizer_unigram_len2.json,mario/Finetune-NucleotideTransformerBenchmarks/NT-benchmarks/nucleotide_transformer_downstream_tasks_revised/splice_sites_acceptors/split,3e-05,0.03,0.03,0,10,LINEAR,42,128,128,1,True,140,EPOCH,EPOCH,1,True,eval_f1,True,5,66.5672,83.303,83.2834,83.2802,83.2871
100k,evolen,NT,splice_sites_all,EvoLenTokenizer/evolen-100k-sft-checkpoints,NT/splice_sites_all,EvoLenTokenizer/evolen-100k,assets/tokenizers/merge_tokenizer_unigram_len2.json,mario/Finetune-NucleotideTransformerBenchmarks/NT-benchmarks/nucleotide_transformer_downstream_tasks_revised/splice_sites_all/split,3e-05,0.01,0.06,0,10,LINEAR,42,128,128,1,True,140,EPOCH,EPOCH,1,True,eval_f1,True,10,67.9781,78.6364,78.6411,78.6276,78.7269
100k,evolen,NT,splice_sites_donors,EvoLenTokenizer/evolen-100k-sft-checkpoints,NT/splice_sites_donors,EvoLenTokenizer/evolen-100k,assets/tokenizers/merge_tokenizer_unigram_len2.json,mario/Finetune-NucleotideTransformerBenchmarks/NT-benchmarks/nucleotide_transformer_downstream_tasks_revised/splice_sites_donors/split,3e-05,0.0,0.03,0,10,LINEAR,42,128,128,1,True,140,EPOCH,EPOCH,1,True,eval_f1,True,8,68.8784,84.3939,84.3629,84.5316,84.347
100k,evolen,multi-ATAC,human_mouse_superclass_allchr,EvoLenTokenizer/evolen-100k-sft-checkpoints,multi-ATAC/human_mouse_superclass_allchr,EvoLenTokenizer/evolen-100k,assets/tokenizers/merge_tokenizer_unigram_len2.json,Finetune-screen/finetune_data/human_mouse_superclass_allchr,3e-05,0.0,0.03,0,4,LINEAR,42,128,128,1,True,200,EPOCH,EPOCH,1,True,eval_f1,True,2,13.302,39.0834,31.978,35.4338,33.107
100k,evolen,multi-SCREEN,allchr_csv,EvoLenTokenizer/evolen-100k-sft-checkpoints,multi-SCREEN/allchr_csv,EvoLenTokenizer/evolen-100k,assets/tokenizers/merge_tokenizer_unigram_len2.json,Finetune-screen/finetune_data/allchr_csv,3e-05,0.0,0.01,0,3,LINEAR,42,128,128,1,True,200,EPOCH,EPOCH,1,True,eval_f1,True,3,22.1256,31.6238,30.5595,31.1717,31.7478
200k,base,GBM,demo_coding_vs_intergenomic_seqs,EvoLenTokenizer/base-200k-sft-checkpoints,GBM/demo_coding_vs_intergenomic_seqs,EvoLenTokenizer/base-200k,assets/tokenizers/5120_tokenizer.json,Finetune-GenomicBenchmarks/ft_data/demo_coding_vs_intergenomic_seqs/split,3e-05,0.03,0.03,0,8,LINEAR,42,64,64,2,True,100,EPOCH,EPOCH,1,True,eval_f1,True,3,82.0881,91.04,91.0388,91.0513,91.0368
200k,base,GBM,demo_human_or_worm,EvoLenTokenizer/base-200k-sft-checkpoints,GBM/demo_human_or_worm,EvoLenTokenizer/base-200k,assets/tokenizers/5120_tokenizer.json,Finetune-GenomicBenchmarks/ft_data/demo_human_or_worm/split,3e-05,0.03,0.1,0,8,LINEAR,42,64,64,2,True,512,EPOCH,EPOCH,1,True,eval_f1,True,7,92.2845,96.14,96.1397,96.1467,96.1379
200k,base,GBM,drosophila_enhancers_stark,EvoLenTokenizer/base-200k-sft-checkpoints,GBM/drosophila_enhancers_stark,EvoLenTokenizer/base-200k,assets/tokenizers/5120_tokenizer.json,Finetune-GenomicBenchmarks/ft_data/drosophila_enhancers_stark/split,3e-05,0.01,0.06,0,10,LINEAR,42,64,64,2,True,512,EPOCH,EPOCH,1,True,eval_f1,True,2,54.2611,77.3121,77.0277,77.3526,76.9103
200k,base,GBM,dummy_mouse_enhancers_ensembl,EvoLenTokenizer/base-200k-sft-checkpoints,GBM/dummy_mouse_enhancers_ensembl,EvoLenTokenizer/base-200k,assets/tokenizers/5120_tokenizer.json,Finetune-GenomicBenchmarks/ft_data/dummy_mouse_enhancers_ensembl/split,3e-05,0.0,0.15,0,8,LINEAR,42,64,64,2,True,512,EPOCH,EPOCH,1,True,eval_f1,True,8,53.8434,76.8595,76.7308,76.7223,77.1226
200k,base,GBM,human_enhancers_cohn,EvoLenTokenizer/base-200k-sft-checkpoints,GBM/human_enhancers_cohn,EvoLenTokenizer/base-200k,assets/tokenizers/5120_tokenizer.json,Finetune-GenomicBenchmarks/ft_data/human_enhancers_cohn/split,3e-05,0.01,0.1,0,6,LINEAR,42,64,64,2,True,100,EPOCH,EPOCH,1,True,eval_f1,True,5,45.3346,72.6619,72.661,72.6698,72.6649
200k,base,GBM,human_enhancers_ensembl,EvoLenTokenizer/base-200k-sft-checkpoints,GBM/human_enhancers_ensembl,EvoLenTokenizer/base-200k,assets/tokenizers/5120_tokenizer.json,Finetune-GenomicBenchmarks/ft_data/human_enhancers_ensembl/split,3e-05,0.01,0.05,0,5,LINEAR,42,64,64,2,True,512,EPOCH,EPOCH,1,True,eval_f1,True,5,79.4346,89.648,89.6252,89.8369,89.598
200k,base,GBM,human_ensembl_regulatory,EvoLenTokenizer/base-200k-sft-checkpoints,GBM/human_ensembl_regulatory,EvoLenTokenizer/base-200k,assets/tokenizers/5120_tokenizer.json,Finetune-GenomicBenchmarks/ft_data/human_ensembl_regulatory/split,3e-05,0.01,0.01,0,3,LINEAR,42,64,64,2,True,250,EPOCH,EPOCH,1,True,eval_f1,True,3,84.159,89.4005,89.5369,90.1249,89.2559
200k,base,GBM,human_nontata_promoters,EvoLenTokenizer/base-200k-sft-checkpoints,GBM/human_nontata_promoters,EvoLenTokenizer/base-200k,assets/tokenizers/5120_tokenizer.json,Finetune-GenomicBenchmarks/ft_data/human_nontata_promoters/split,3e-05,0.0,0.1,0,10,LINEAR,42,64,64,2,True,100,EPOCH,EPOCH,1,True,eval_f1,True,9,89.298,94.549,94.5314,94.4706,94.8282
200k,base,GBM,human_ocr_ensembl,EvoLenTokenizer/base-200k-sft-checkpoints,GBM/human_ocr_ensembl,EvoLenTokenizer/base-200k,assets/tokenizers/5120_tokenizer.json,Finetune-GenomicBenchmarks/ft_data/human_ocr_ensembl/split,3e-05,0.0,0.01,0,3,LINEAR,42,64,64,2,True,100,EPOCH,EPOCH,1,True,eval_f1,True,2,51.0837,75.5093,75.4994,75.5661,75.5176
200k,base,GUE,EMP/H3,EvoLenTokenizer/base-200k-sft-checkpoints,GUE/EMP/H3,EvoLenTokenizer/base-200k,assets/tokenizers/5120_tokenizer.json,Finetune-GUE/GUE/EMP/H3,5e-05,0.25,0.06,0,8,LINEAR,42,128,128,1,True,128,EPOCH,EPOCH,1,True,eval_f1,True,7,70.7392,85.3707,85.3686,85.3724,85.3667
200k,base,GUE,EMP/H3K14ac,EvoLenTokenizer/base-200k-sft-checkpoints,GUE/EMP/H3K14ac,EvoLenTokenizer/base-200k,assets/tokenizers/5120_tokenizer.json,Finetune-GUE/GUE/EMP/H3K14ac,3e-05,0.05,0.07,0,9,LINEAR,42,128,128,1,True,128,EPOCH,EPOCH,1,True,eval_f1,True,6,39.9339,70.348,69.9138,69.8347,70.1
200k,base,GUE,EMP/H3K36me3,EvoLenTokenizer/base-200k-sft-checkpoints,GUE/EMP/H3K36me3,EvoLenTokenizer/base-200k,assets/tokenizers/5120_tokenizer.json,Finetune-GUE/GUE/EMP/H3K36me3,3e-05,0.05,0.1,0,16,LINEAR,42,128,128,1,True,128,EPOCH,EPOCH,1,True,eval_f1,True,16,43.6665,71.9323,71.7516,71.7155,71.9516
200k,base,GUE,EMP/H3K4me1,EvoLenTokenizer/base-200k-sft-checkpoints,GUE/EMP/H3K4me1,EvoLenTokenizer/base-200k,assets/tokenizers/5120_tokenizer.json,Finetune-GUE/GUE/EMP/H3K4me1,3e-05,0.05,0.03,0,8,LINEAR,42,128,128,1,True,128,EPOCH,EPOCH,1,True,eval_f1,True,2,38.1909,69.5076,69.0383,69.2317,68.9602
200k,base,GUE,EMP/H3K4me2,EvoLenTokenizer/base-200k-sft-checkpoints,GUE/EMP/H3K4me2,EvoLenTokenizer/base-200k,assets/tokenizers/5120_tokenizer.json,Finetune-GUE/GUE/EMP/H3K4me2,3e-05,0.05,0.03,0,20,LINEAR,42,128,128,1,True,128,EPOCH,EPOCH,1,True,eval_f1,True,2,29.1776,66.406,64.0734,65.2869,63.9225
200k,base,GUE,EMP/H3K4me3,EvoLenTokenizer/base-200k-sft-checkpoints,GUE/EMP/H3K4me3,EvoLenTokenizer/base-200k,assets/tokenizers/5120_tokenizer.json,Finetune-GUE/GUE/EMP/H3K4me3,1e-05,0.05,0.03,0,14,LINEAR,42,128,128,1,True,128,EPOCH,EPOCH,1,True,eval_f1,True,13,28.804,64.5924,64.3817,64.4414,64.3627
200k,base,GUE,EMP/H3K79me3,EvoLenTokenizer/base-200k-sft-checkpoints,GUE/EMP/H3K79me3,EvoLenTokenizer/base-200k,assets/tokenizers/5120_tokenizer.json,Finetune-GUE/GUE/EMP/H3K79me3,3e-05,0.0,0.03,0,10,LINEAR,42,128,128,1,True,128,EPOCH,EPOCH,1,True,eval_f1,True,6,57.1389,78.6061,78.5591,78.5388,78.6001
200k,base,GUE,EMP/H3K9ac,EvoLenTokenizer/base-200k-sft-checkpoints,GUE/EMP/H3K9ac,EvoLenTokenizer/base-200k,assets/tokenizers/5120_tokenizer.json,Finetune-GUE/GUE/EMP/H3K9ac,3e-05,0.01,0.03,0,8,LINEAR,42,128,128,1,True,128,EPOCH,EPOCH,1,True,eval_f1,True,5,47.6461,73.6596,73.5954,73.6925,73.9543
200k,base,GUE,EMP/H4,EvoLenTokenizer/base-200k-sft-checkpoints,GUE/EMP/H4,EvoLenTokenizer/base-200k,assets/tokenizers/5120_tokenizer.json,Finetune-GUE/GUE/EMP/H4,3e-05,0.01,0.06,0,6,LINEAR,42,128,128,1,True,128,EPOCH,EPOCH,1,True,eval_f1,True,2,74.426,87.4059,87.1961,87.3458,87.0806
200k,base,GUE,EMP/H4ac,EvoLenTokenizer/base-200k-sft-checkpoints,GUE/EMP/H4ac,EvoLenTokenizer/base-200k,assets/tokenizers/5120_tokenizer.json,Finetune-GUE/GUE/EMP/H4ac,3e-05,0.01,0.03,0,6,LINEAR,42,128,128,1,True,128,EPOCH,EPOCH,1,True,eval_f1,True,3,39.4348,69.912,69.6805,69.797,69.6381
200k,base,GUE,mouse/0,EvoLenTokenizer/base-200k-sft-checkpoints,GUE/mouse/0,EvoLenTokenizer/base-200k,assets/tokenizers/5120_tokenizer.json,Finetune-GUE/GUE/mouse/0,3e-05,0.01,0.06,0,11,LINEAR,42,128,128,1,True,30,EPOCH,EPOCH,1,True,eval_f1,True,6,33.8867,66.9136,66.8845,66.9732,66.9136
200k,base,GUE,mouse/1,EvoLenTokenizer/base-200k-sft-checkpoints,GUE/mouse/1,EvoLenTokenizer/base-200k,assets/tokenizers/5120_tokenizer.json,Finetune-GUE/GUE/mouse/1,3e-05,0.01,0.02,0,8,LINEAR,42,128,128,1,True,30,EPOCH,EPOCH,1,True,eval_f1,True,2,79.3137,89.6071,89.6005,89.707,89.6067
200k,base,GUE,mouse/2,EvoLenTokenizer/base-200k-sft-checkpoints,GUE/mouse/2,EvoLenTokenizer/base-200k,assets/tokenizers/5120_tokenizer.json,Finetune-GUE/GUE/mouse/2,3e-05,0.01,0.06,0,8,LINEAR,42,128,128,1,True,30,EPOCH,EPOCH,1,True,eval_f1,True,5,72.6272,86.2805,86.2742,86.3467,86.2805
200k,base,GUE,mouse/3,EvoLenTokenizer/base-200k-sft-checkpoints,GUE/mouse/3,EvoLenTokenizer/base-200k,assets/tokenizers/5120_tokenizer.json,Finetune-GUE/GUE/mouse/3,4e-05,0.1,0.06,0,12,LINEAR,42,128,128,1,True,30,EPOCH,EPOCH,1,True,eval_f1,True,6,54.8353,77.4059,77.396,77.4369,77.3985
200k,base,GUE,mouse/4,EvoLenTokenizer/base-200k-sft-checkpoints,GUE/mouse/4,EvoLenTokenizer/base-200k,assets/tokenizers/5120_tokenizer.json,Finetune-GUE/GUE/mouse/4,3e-05,0.01,0.1,0,6,LINEAR,42,128,128,1,True,30,EPOCH,EPOCH,1,True,eval_f1,True,5,32.0641,65.9586,65.8841,66.1034,65.9611
200k,base,GUE,prom/prom_300_all,EvoLenTokenizer/base-200k-sft-checkpoints,GUE/prom/prom_300_all,EvoLenTokenizer/base-200k,assets/tokenizers/5120_tokenizer.json,Finetune-GUE/GUE/prom/prom_300_all,3e-05,0.0,0.02,0,4,LINEAR,42,128,128,1,True,70,EPOCH,EPOCH,1,True,eval_f1,True,3,83.4757,91.723,91.7193,91.7627,91.713
200k,base,GUE,prom/prom_300_notata,EvoLenTokenizer/base-200k-sft-checkpoints,GUE/prom/prom_300_notata,EvoLenTokenizer/base-200k,assets/tokenizers/5120_tokenizer.json,Finetune-GUE/GUE/prom/prom_300_notata,3e-05,0.0,0.04,0,6,LINEAR,42,128,128,1,True,70,EPOCH,EPOCH,1,True,eval_f1,True,6,89.7952,94.8935,94.8934,94.8951,94.9
200k,base,GUE,prom/prom_300_tata,EvoLenTokenizer/base-200k-sft-checkpoints,GUE/prom/prom_300_tata,EvoLenTokenizer/base-200k,assets/tokenizers/5120_tokenizer.json,Finetune-GUE/GUE/prom/prom_300_tata,3e-05,0.05,0.06,0,8,LINEAR,42,128,128,1,True,70,EPOCH,EPOCH,1,True,eval_f1,True,3,59.5318,79.7716,79.7625,79.7577,79.7742
200k,base,GUE,prom/prom_core_all,EvoLenTokenizer/base-200k-sft-checkpoints,GUE/prom/prom_core_all,EvoLenTokenizer/base-200k,assets/tokenizers/5120_tokenizer.json,Finetune-GUE/GUE/prom/prom_core_all,3e-05,0.0,0.02,0,4,LINEAR,42,128,128,1,True,20,EPOCH,EPOCH,1,True,eval_f1,True,3,63.5831,81.7905,81.7894,81.794,81.789
200k,base,GUE,prom/prom_core_notata,EvoLenTokenizer/base-200k-sft-checkpoints,GUE/prom/prom_core_notata,EvoLenTokenizer/base-200k,assets/tokenizers/5120_tokenizer.json,Finetune-GUE/GUE/prom/prom_core_notata,3e-05,0.0,0.04,0,6,LINEAR,42,128,128,1,True,20,EPOCH,EPOCH,1,True,eval_f1,True,3,64.5058,82.2499,82.2482,82.2576,82.2482
200k,base,GUE,prom/prom_core_tata,EvoLenTokenizer/base-200k-sft-checkpoints,GUE/prom/prom_core_tata,EvoLenTokenizer/base-200k,assets/tokenizers/5120_tokenizer.json,Finetune-GUE/GUE/prom/prom_core_tata,3e-05,0.05,0.06,0,10,LINEAR,42,128,128,1,True,20,EPOCH,EPOCH,1,True,eval_f1,True,9,66.392,83.1974,83.1958,83.1971,83.1949
200k,base,GUE,splice/reconstructed,EvoLenTokenizer/base-200k-sft-checkpoints,GUE/splice/reconstructed,EvoLenTokenizer/base-200k,assets/tokenizers/5120_tokenizer.json,Finetune-GUE/GUE/splice/reconstructed,3e-05,0.0,0.02,0,8,LINEAR,42,128,128,1,True,80,EPOCH,EPOCH,1,True,eval_f1,True,7,75.4866,85.7738,84.5924,85.3445,83.9377
200k,base,GUE,tf/0,EvoLenTokenizer/base-200k-sft-checkpoints,GUE/tf/0,EvoLenTokenizer/base-200k,assets/tokenizers/5120_tokenizer.json,Finetune-GUE/GUE/tf/0,3e-05,0.01,0.06,0,8,LINEAR,42,128,128,1,True,30,EPOCH,EPOCH,1,True,eval_f1,True,3,65.1033,82.1,81.9758,83.0096,82.1
200k,base,GUE,tf/1,EvoLenTokenizer/base-200k-sft-checkpoints,GUE/tf/1,EvoLenTokenizer/base-200k,assets/tokenizers/5120_tokenizer.json,Finetune-GUE/GUE/tf/1,3e-05,0.0,0.06,0,8,LINEAR,42,128,128,1,True,30,EPOCH,EPOCH,1,True,eval_f1,True,3,67.6998,83.7,83.6639,84.0004,83.7
200k,base,GUE,tf/2,EvoLenTokenizer/base-200k-sft-checkpoints,GUE/tf/2,EvoLenTokenizer/base-200k,assets/tokenizers/5120_tokenizer.json,Finetune-GUE/GUE/tf/2,3e-05,0.05,0.1,0,8,LINEAR,42,128,128,1,True,30,EPOCH,EPOCH,1,True,eval_f1,True,5,53.0664,76.5,76.4853,76.5664,76.5
200k,base,GUE,tf/3,EvoLenTokenizer/base-200k-sft-checkpoints,GUE/tf/3,EvoLenTokenizer/base-200k,assets/tokenizers/5120_tokenizer.json,Finetune-GUE/GUE/tf/3,3e-05,0.0,0.06,0,6,LINEAR,42,128,128,1,True,30,EPOCH,EPOCH,1,True,eval_f1,True,5,45.0867,72.5,72.4735,72.5868,72.5
200k,base,GUE,tf/4,EvoLenTokenizer/base-200k-sft-checkpoints,GUE/tf/4,EvoLenTokenizer/base-200k,assets/tokenizers/5120_tokenizer.json,Finetune-GUE/GUE/tf/4,3e-05,0.05,0.1,0,10,LINEAR,42,128,128,1,True,30,EPOCH,EPOCH,1,True,eval_f1,True,8,62.124,80.9,80.8502,81.2249,80.9
200k,base,NT,H2AFZ,EvoLenTokenizer/base-200k-sft-checkpoints,NT/H2AFZ,EvoLenTokenizer/base-200k,assets/tokenizers/5120_tokenizer.json,mario/Finetune-NucleotideTransformerBenchmarks/NT-benchmarks/nucleotide_transformer_downstream_tasks_revised/H2AFZ/split,3e-05,0.0,0.03,0,8,LINEAR,42,128,128,1,True,220,EPOCH,EPOCH,1,True,eval_f1,True,3,47.2182,73.6061,73.6034,73.605,73.6133
200k,base,NT,H3K27ac,EvoLenTokenizer/base-200k-sft-checkpoints,NT/H3K27ac,EvoLenTokenizer/base-200k,assets/tokenizers/5120_tokenizer.json,mario/Finetune-NucleotideTransformerBenchmarks/NT-benchmarks/nucleotide_transformer_downstream_tasks_revised/H3K27ac/split,3e-05,0.03,0.1,0,6,LINEAR,42,128,128,1,True,220,EPOCH,EPOCH,1,True,eval_f1,True,3,47.6326,73.7907,73.7906,73.818,73.8146
200k,base,NT,H3K27me3,EvoLenTokenizer/base-200k-sft-checkpoints,NT/H3K27me3,EvoLenTokenizer/base-200k,assets/tokenizers/5120_tokenizer.json,mario/Finetune-NucleotideTransformerBenchmarks/NT-benchmarks/nucleotide_transformer_downstream_tasks_revised/H3K27me3/split,3e-05,0.03,0.1,0,10,LINEAR,42,128,128,1,True,220,EPOCH,EPOCH,1,True,eval_f1,True,3,58.0896,78.8182,78.7676,79.2137,78.8768
200k,base,NT,H3K36me3,EvoLenTokenizer/base-200k-sft-checkpoints,NT/H3K36me3,EvoLenTokenizer/base-200k,assets/tokenizers/5120_tokenizer.json,mario/Finetune-NucleotideTransformerBenchmarks/NT-benchmarks/nucleotide_transformer_downstream_tasks_revised/H3K36me3/split,3e-05,0.0,0.1,0,8,LINEAR,42,128,128,1,True,220,EPOCH,EPOCH,1,True,eval_f1,True,3,60.4321,80.1818,80.1757,80.2399,80.1922
200k,base,NT,H3K4me1,EvoLenTokenizer/base-200k-sft-checkpoints,NT/H3K4me1,EvoLenTokenizer/base-200k,assets/tokenizers/5120_tokenizer.json,mario/Finetune-NucleotideTransformerBenchmarks/NT-benchmarks/nucleotide_transformer_downstream_tasks_revised/H3K4me1/split,3e-05,0.01,0.06,0,10,LINEAR,42,128,128,1,True,220,EPOCH,EPOCH,1,True,eval_f1,True,2,44.9009,72.2121,72.1475,72.5914,72.3103
200k,base,NT,H3K4me2,EvoLenTokenizer/base-200k-sft-checkpoints,NT/H3K4me2,EvoLenTokenizer/base-200k,assets/tokenizers/5120_tokenizer.json,mario/Finetune-NucleotideTransformerBenchmarks/NT-benchmarks/nucleotide_transformer_downstream_tasks_revised/H3K4me2/split,3e-05,0.0,0.1,0,10,LINEAR,42,128,128,1,True,220,EPOCH,EPOCH,1,True,eval_f1,True,3,56.8645,78.3826,78.2126,78.7004,78.1666
200k,base,NT,H3K4me3,EvoLenTokenizer/base-200k-sft-checkpoints,NT/H3K4me3,EvoLenTokenizer/base-200k,assets/tokenizers/5120_tokenizer.json,mario/Finetune-NucleotideTransformerBenchmarks/NT-benchmarks/nucleotide_transformer_downstream_tasks_revised/H3K4me3/split,3e-05,0.01,0.06,0,10,LINEAR,42,128,128,1,True,220,EPOCH,EPOCH,1,True,eval_f1,True,2,63.4308,81.6986,81.6903,81.7392,81.6916
200k,base,NT,H3K9ac,EvoLenTokenizer/base-200k-sft-checkpoints,NT/H3K9ac,EvoLenTokenizer/base-200k,assets/tokenizers/5120_tokenizer.json,mario/Finetune-NucleotideTransformerBenchmarks/NT-benchmarks/nucleotide_transformer_downstream_tasks_revised/H3K9ac/split,3e-05,0.03,0.06,0,6,LINEAR,42,128,128,1,True,220,EPOCH,EPOCH,1,True,eval_f1,True,2,53.2766,76.5747,76.553,76.6926,76.5841
200k,base,NT,H3K9me3,EvoLenTokenizer/base-200k-sft-checkpoints,NT/H3K9me3,EvoLenTokenizer/base-200k,assets/tokenizers/5120_tokenizer.json,mario/Finetune-NucleotideTransformerBenchmarks/NT-benchmarks/nucleotide_transformer_downstream_tasks_revised/H3K9me3/split,3e-05,0.0,0.06,0,6,LINEAR,42,128,128,1,True,220,EPOCH,EPOCH,1,True,eval_f1,True,1,39.2052,68.3392,67.7947,70.468,68.7737
200k,base,NT,H4K20me1,EvoLenTokenizer/base-200k-sft-checkpoints,NT/H4K20me1,EvoLenTokenizer/base-200k,assets/tokenizers/5120_tokenizer.json,mario/Finetune-NucleotideTransformerBenchmarks/NT-benchmarks/nucleotide_transformer_downstream_tasks_revised/H4K20me1/split,3e-05,0.03,0.1,0,10,LINEAR,42,128,128,1,True,220,EPOCH,EPOCH,1,True,eval_f1,True,3,63.9227,81.9647,81.9598,81.9659,81.9568
200k,base,NT,enhancers,EvoLenTokenizer/base-200k-sft-checkpoints,NT/enhancers,EvoLenTokenizer/base-200k,assets/tokenizers/5120_tokenizer.json,mario/Finetune-NucleotideTransformerBenchmarks/NT-benchmarks/nucleotide_transformer_downstream_tasks_revised/enhancers/split,3e-05,0.03,0.1,0,8,LINEAR,42,128,128,1,True,100,EPOCH,EPOCH,1,True,eval_f1,True,3,50.5483,74.8485,74.7278,75.5758,74.976
200k,base,NT,enhancers_types,EvoLenTokenizer/base-200k-sft-checkpoints,NT/enhancers_types,EvoLenTokenizer/base-200k,assets/tokenizers/5120_tokenizer.json,mario/Finetune-NucleotideTransformerBenchmarks/NT-benchmarks/nucleotide_transformer_downstream_tasks_revised/enhancers_types/split,3e-05,0.03,0.03,0,6,LINEAR,42,128,128,1,True,100,EPOCH,EPOCH,1,True,eval_f1,True,1,48.8501,71.3939,53.3993,65.0026,52.98
200k,base,NT,promoter_all,EvoLenTokenizer/base-200k-sft-checkpoints,NT/promoter_all,EvoLenTokenizer/base-200k,assets/tokenizers/5120_tokenizer.json,mario/Finetune-NucleotideTransformerBenchmarks/NT-benchmarks/nucleotide_transformer_downstream_tasks_revised/promoter_all/split,3e-05,0.0,0.06,0,10,LINEAR,42,128,128,1,True,80,EPOCH,EPOCH,1,True,eval_f1,True,3,73.1475,86.4514,86.422,86.7168,86.4313
200k,base,NT,promoter_no_tata,EvoLenTokenizer/base-200k-sft-checkpoints,NT/promoter_no_tata,EvoLenTokenizer/base-200k,assets/tokenizers/5120_tokenizer.json,mario/Finetune-NucleotideTransformerBenchmarks/NT-benchmarks/nucleotide_transformer_downstream_tasks_revised/promoter_no_tata/split,3e-05,0.03,0.1,0,10,LINEAR,42,128,128,1,True,80,EPOCH,EPOCH,1,True,eval_f1,True,2,76.5188,88.2091,88.1798,88.3739,88.1452
200k,base,NT,promoter_tata,EvoLenTokenizer/base-200k-sft-checkpoints,NT/promoter_tata,EvoLenTokenizer/base-200k,assets/tokenizers/5120_tokenizer.json,mario/Finetune-NucleotideTransformerBenchmarks/NT-benchmarks/nucleotide_transformer_downstream_tasks_revised/promoter_tata/split,3e-05,0.01,0.06,0,12,LINEAR,42,128,128,1,True,80,EPOCH,EPOCH,1,True,eval_f1,True,10,74.9925,87.5,87.4912,87.5113,87.4812
200k,base,NT,splice_sites_acceptors,EvoLenTokenizer/base-200k-sft-checkpoints,NT/splice_sites_acceptors,EvoLenTokenizer/base-200k,assets/tokenizers/5120_tokenizer.json,mario/Finetune-NucleotideTransformerBenchmarks/NT-benchmarks/nucleotide_transformer_downstream_tasks_revised/splice_sites_acceptors/split,3e-05,0.01,0.06,0,10,LINEAR,42,128,128,1,True,140,EPOCH,EPOCH,1,True,eval_f1,True,5,63.8871,81.9697,81.943,81.9503,81.9368
200k,base,NT,splice_sites_all,EvoLenTokenizer/base-200k-sft-checkpoints,NT/splice_sites_all,EvoLenTokenizer/base-200k,assets/tokenizers/5120_tokenizer.json,mario/Finetune-NucleotideTransformerBenchmarks/NT-benchmarks/nucleotide_transformer_downstream_tasks_revised/splice_sites_all/split,3e-05,0.0,0.03,0,8,LINEAR,42,128,128,1,True,140,EPOCH,EPOCH,1,True,eval_f1,True,8,69.1617,79.4242,79.4491,79.4465,79.5129
200k,base,NT,splice_sites_donors,EvoLenTokenizer/base-200k-sft-checkpoints,NT/splice_sites_donors,EvoLenTokenizer/base-200k,assets/tokenizers/5120_tokenizer.json,mario/Finetune-NucleotideTransformerBenchmarks/NT-benchmarks/nucleotide_transformer_downstream_tasks_revised/splice_sites_donors/split,3e-05,0.01,0.06,0,6,LINEAR,42,128,128,1,True,140,EPOCH,EPOCH,1,True,eval_f1,True,5,73.8875,86.9394,86.9388,86.9398,86.9477
200k,base,multi-ATAC,human_mouse_superclass_allchr,EvoLenTokenizer/base-200k-sft-checkpoints,multi-ATAC/human_mouse_superclass_allchr,EvoLenTokenizer/base-200k,assets/tokenizers/5120_tokenizer.json,Finetune-screen/finetune_data/human_mouse_superclass_allchr,3e-05,0.0,0.05,0,5,LINEAR,42,128,128,1,True,200,EPOCH,EPOCH,1,True,eval_f1,True,5,10.3214,37.7587,28.0326,35.4331,30.818
200k,base,multi-SCREEN,allchr_csv,EvoLenTokenizer/base-200k-sft-checkpoints,multi-SCREEN/allchr_csv,EvoLenTokenizer/base-200k,assets/tokenizers/5120_tokenizer.json,Finetune-screen/finetune_data/allchr_csv,2.5e-05,0.01,0.01,0,3,LINEAR,42,128,128,1,True,512,EPOCH,EPOCH,1,True,eval_f1,True,3,22.6884,32.141,31.061,31.3584,32.2797
200k,evolen,GBM,demo_coding_vs_intergenomic_seqs,EvoLenTokenizer/evolen-200k-sft-checkpoints,GBM/demo_coding_vs_intergenomic_seqs,EvoLenTokenizer/evolen-200k,assets/tokenizers/merge_tokenizer_unigram_len2.json,Finetune-GenomicBenchmarks/ft_data/demo_coding_vs_intergenomic_seqs/split,3e-05,0.03,0.03,0,8,LINEAR,42,128,128,1,True,100,EPOCH,EPOCH,1,True,eval_f1,True,2,81.8469,90.92,90.92,90.9246,90.9223
200k,evolen,GBM,demo_human_or_worm,EvoLenTokenizer/evolen-200k-sft-checkpoints,GBM/demo_human_or_worm,EvoLenTokenizer/evolen-200k,assets/tokenizers/merge_tokenizer_unigram_len2.json,Finetune-GenomicBenchmarks/ft_data/demo_human_or_worm/split,3e-05,0.03,0.1,0,8,LINEAR,42,128,128,1,True,512,EPOCH,EPOCH,1,True,eval_f1,True,8,92.6799,96.34,96.34,96.3398,96.3401
200k,evolen,GBM,drosophila_enhancers_stark,EvoLenTokenizer/evolen-200k-sft-checkpoints,GBM/drosophila_enhancers_stark,EvoLenTokenizer/evolen-200k,assets/tokenizers/merge_tokenizer_unigram_len2.json,Finetune-GenomicBenchmarks/ft_data/drosophila_enhancers_stark/split,3e-05,0.01,0.06,0,10,LINEAR,42,128,128,1,True,512,EPOCH,EPOCH,1,True,eval_f1,True,5,56.4063,78.3237,77.9337,78.6494,77.7638
200k,evolen,GBM,dummy_mouse_enhancers_ensembl,EvoLenTokenizer/evolen-200k-sft-checkpoints,GBM/dummy_mouse_enhancers_ensembl,EvoLenTokenizer/evolen-200k,assets/tokenizers/merge_tokenizer_unigram_len2.json,Finetune-GenomicBenchmarks/ft_data/dummy_mouse_enhancers_ensembl/split,3e-05,0.0,0.15,0,8,LINEAR,42,128,128,1,True,512,EPOCH,EPOCH,1,True,eval_f1,True,7,64.2365,81.8182,81.7571,81.8716,82.3668
200k,evolen,GBM,human_enhancers_cohn,EvoLenTokenizer/evolen-200k-sft-checkpoints,GBM/human_enhancers_cohn,EvoLenTokenizer/evolen-200k,assets/tokenizers/merge_tokenizer_unigram_len2.json,Finetune-GenomicBenchmarks/ft_data/human_enhancers_cohn/split,3e-05,0.01,0.1,0,6,LINEAR,42,128,128,1,True,100,EPOCH,EPOCH,1,True,eval_f1,True,2,50.1341,75.0,74.9755,75.122,75.0122
200k,evolen,GBM,human_enhancers_ensembl,EvoLenTokenizer/evolen-200k-sft-checkpoints,GBM/human_enhancers_ensembl,EvoLenTokenizer/evolen-200k,assets/tokenizers/merge_tokenizer_unigram_len2.json,Finetune-GenomicBenchmarks/ft_data/human_enhancers_ensembl/split,3e-05,0.01,0.05,0,5,LINEAR,42,128,128,1,True,512,EPOCH,EPOCH,1,True,eval_f1,True,5,79.3309,89.5835,89.5579,89.8018,89.5296
200k,evolen,GBM,human_ensembl_regulatory,EvoLenTokenizer/evolen-200k-sft-checkpoints,GBM/human_ensembl_regulatory,EvoLenTokenizer/evolen-200k,assets/tokenizers/merge_tokenizer_unigram_len2.json,Finetune-GenomicBenchmarks/ft_data/human_ensembl_regulatory/split,3e-05,0.01,0.01,0,3,LINEAR,42,128,128,1,True,250,EPOCH,EPOCH,1,True,eval_f1,True,3,84.2024,89.4247,89.5601,90.1735,89.2689
200k,evolen,GBM,human_nontata_promoters,EvoLenTokenizer/evolen-200k-sft-checkpoints,GBM/human_nontata_promoters,EvoLenTokenizer/evolen-200k,assets/tokenizers/merge_tokenizer_unigram_len2.json,Finetune-GenomicBenchmarks/ft_data/human_nontata_promoters/split,3e-05,0.0,0.1,0,10,LINEAR,42,128,128,1,True,100,EPOCH,EPOCH,1,True,eval_f1,True,9,89.9469,94.8533,94.8382,94.7894,95.1582
200k,evolen,GBM,human_ocr_ensembl,EvoLenTokenizer/evolen-200k-sft-checkpoints,GBM/human_ocr_ensembl,EvoLenTokenizer/evolen-200k,assets/tokenizers/merge_tokenizer_unigram_len2.json,Finetune-GenomicBenchmarks/ft_data/human_ocr_ensembl/split,3e-05,0.0,0.01,0,3,LINEAR,42,128,128,1,True,100,EPOCH,EPOCH,1,True,eval_f1,True,3,50.6111,75.3033,75.3032,75.3061,75.305
200k,evolen,GUE,EMP/H3,EvoLenTokenizer/evolen-200k-sft-checkpoints,GUE/EMP/H3,EvoLenTokenizer/evolen-200k,assets/tokenizers/merge_tokenizer_unigram_len2.json,Finetune-GUE/GUE/EMP/H3,5e-05,0.25,0.06,0,8,LINEAR,42,128,128,1,True,128,EPOCH,EPOCH,1,True,eval_f1,True,6,72.3667,86.1723,86.1722,86.1856,86.1812
200k,evolen,GUE,EMP/H3K14ac,EvoLenTokenizer/evolen-200k-sft-checkpoints,GUE/EMP/H3K14ac,EvoLenTokenizer/evolen-200k,assets/tokenizers/merge_tokenizer_unigram_len2.json,Finetune-GUE/GUE/EMP/H3K14ac,3e-05,0.05,0.07,0,9,LINEAR,42,128,128,1,True,128,EPOCH,EPOCH,1,True,eval_f1,True,4,41.7956,70.6808,70.5174,70.6697,71.1284
200k,evolen,GUE,EMP/H3K36me3,EvoLenTokenizer/evolen-200k-sft-checkpoints,GUE/EMP/H3K36me3,EvoLenTokenizer/evolen-200k,assets/tokenizers/merge_tokenizer_unigram_len2.json,Finetune-GUE/GUE/EMP/H3K36me3,3e-05,0.05,0.1,0,16,LINEAR,42,128,128,1,True,128,EPOCH,EPOCH,1,True,eval_f1,True,6,45.0856,72.8784,72.5422,72.5283,72.5573
200k,evolen,GUE,EMP/H3K4me1,EvoLenTokenizer/evolen-200k-sft-checkpoints,GUE/EMP/H3K4me1,EvoLenTokenizer/evolen-200k,assets/tokenizers/merge_tokenizer_unigram_len2.json,Finetune-GUE/GUE/EMP/H3K4me1,3e-05,0.05,0.03,0,8,LINEAR,42,128,128,1,True,128,EPOCH,EPOCH,1,True,eval_f1,True,4,37.8234,69.3813,68.7565,69.169,68.6579
200k,evolen,GUE,EMP/H3K4me2,EvoLenTokenizer/evolen-200k-sft-checkpoints,GUE/EMP/H3K4me2,EvoLenTokenizer/evolen-200k,assets/tokenizers/merge_tokenizer_unigram_len2.json,Finetune-GUE/GUE/EMP/H3K4me2,3e-05,0.05,0.03,0,20,LINEAR,42,128,128,1,True,128,EPOCH,EPOCH,1,True,eval_f1,True,3,30.6408,66.8296,65.1434,65.6809,64.9681
200k,evolen,GUE,EMP/H3K4me3,EvoLenTokenizer/evolen-200k-sft-checkpoints,GUE/EMP/H3K4me3,EvoLenTokenizer/evolen-200k,assets/tokenizers/merge_tokenizer_unigram_len2.json,Finetune-GUE/GUE/EMP/H3K4me3,1e-05,0.05,0.03,0,14,LINEAR,42,128,128,1,True,128,EPOCH,EPOCH,1,True,eval_f1,True,11,28.6814,64.5924,64.2249,64.4652,64.2173
200k,evolen,GUE,EMP/H3K79me3,EvoLenTokenizer/evolen-200k-sft-checkpoints,GUE/EMP/H3K79me3,EvoLenTokenizer/evolen-200k,assets/tokenizers/merge_tokenizer_unigram_len2.json,Finetune-GUE/GUE/EMP/H3K79me3,3e-05,0.0,0.03,0,10,LINEAR,42,128,128,1,True,128,EPOCH,EPOCH,1,True,eval_f1,True,4,59.8857,79.9584,79.9225,79.9024,79.9834
200k,evolen,GUE,EMP/H3K9ac,EvoLenTokenizer/evolen-200k-sft-checkpoints,GUE/EMP/H3K9ac,EvoLenTokenizer/evolen-200k,assets/tokenizers/merge_tokenizer_unigram_len2.json,Finetune-GUE/GUE/EMP/H3K9ac,3e-05,0.01,0.03,0,8,LINEAR,42,128,128,1,True,128,EPOCH,EPOCH,1,True,eval_f1,True,3,50.3652,74.919,74.8768,75.0506,75.3153
200k,evolen,GUE,EMP/H4,EvoLenTokenizer/evolen-200k-sft-checkpoints,GUE/EMP/H4,EvoLenTokenizer/evolen-200k,assets/tokenizers/merge_tokenizer_unigram_len2.json,Finetune-GUE/GUE/EMP/H4,3e-05,0.01,0.06,0,6,LINEAR,42,128,128,1,True,128,EPOCH,EPOCH,1,True,eval_f1,True,3,75.5736,87.9535,87.7861,87.8114,87.7623
200k,evolen,GUE,EMP/H4ac,EvoLenTokenizer/evolen-200k-sft-checkpoints,GUE/EMP/H4ac,EvoLenTokenizer/evolen-200k,assets/tokenizers/merge_tokenizer_unigram_len2.json,Finetune-GUE/GUE/EMP/H4ac,3e-05,0.01,0.03,0,6,LINEAR,42,128,128,1,True,128,EPOCH,EPOCH,1,True,eval_f1,True,3,36.7293,68.4751,68.363,68.3537,68.3756
200k,evolen,GUE,mouse/0,EvoLenTokenizer/evolen-200k-sft-checkpoints,GUE/mouse/0,EvoLenTokenizer/evolen-200k,assets/tokenizers/merge_tokenizer_unigram_len2.json,Finetune-GUE/GUE/mouse/0,3e-05,0.01,0.06,0,11,LINEAR,42,128,128,1,True,30,EPOCH,EPOCH,1,True,eval_f1,True,6,45.6558,72.5926,72.4513,73.0656,72.5926
200k,evolen,GUE,mouse/1,EvoLenTokenizer/evolen-200k-sft-checkpoints,GUE/mouse/1,EvoLenTokenizer/evolen-200k,assets/tokenizers/merge_tokenizer_unigram_len2.json,Finetune-GUE/GUE/mouse/1,3e-05,0.01,0.02,0,8,LINEAR,42,128,128,1,True,30,EPOCH,EPOCH,1,True,eval_f1,True,8,79.3675,89.6812,89.6809,89.6863,89.6812
200k,evolen,GUE,mouse/2,EvoLenTokenizer/evolen-200k-sft-checkpoints,GUE/mouse/2,EvoLenTokenizer/evolen-200k,assets/tokenizers/merge_tokenizer_unigram_len2.json,Finetune-GUE/GUE/mouse/2,3e-05,0.01,0.06,0,8,LINEAR,42,128,128,1,True,30,EPOCH,EPOCH,1,True,eval_f1,True,5,73.8148,86.8902,86.8872,86.9246,86.8902
200k,evolen,GUE,mouse/3,EvoLenTokenizer/evolen-200k-sft-checkpoints,GUE/mouse/3,EvoLenTokenizer/evolen-200k,assets/tokenizers/merge_tokenizer_unigram_len2.json,Finetune-GUE/GUE/mouse/3,4e-05,0.1,0.06,0,12,LINEAR,42,128,128,1,True,30,EPOCH,EPOCH,1,True,eval_f1,True,8,59.5494,79.0795,78.8091,80.5347,79.0336
200k,evolen,GUE,mouse/4,EvoLenTokenizer/evolen-200k-sft-checkpoints,GUE/mouse/4,EvoLenTokenizer/evolen-200k,assets/tokenizers/merge_tokenizer_unigram_len2.json,Finetune-GUE/GUE/mouse/4,3e-05,0.01,0.1,0,6,LINEAR,42,128,128,1,True,30,EPOCH,EPOCH,1,True,eval_f1,True,5,35.8916,67.9235,67.9052,67.9668,67.9248
200k,evolen,GUE,prom/prom_300_all,EvoLenTokenizer/evolen-200k-sft-checkpoints,GUE/prom/prom_300_all,EvoLenTokenizer/evolen-200k,assets/tokenizers/merge_tokenizer_unigram_len2.json,Finetune-GUE/GUE/prom/prom_300_all,3e-05,0.0,0.02,0,4,LINEAR,42,128,128,1,True,70,EPOCH,EPOCH,1,True,eval_f1,True,4,83.0224,91.5034,91.5008,91.5266,91.4958
200k,evolen,GUE,prom/prom_300_notata,EvoLenTokenizer/evolen-200k-sft-checkpoints,GUE/prom/prom_300_notata,EvoLenTokenizer/evolen-200k,assets/tokenizers/merge_tokenizer_unigram_len2.json,Finetune-GUE/GUE/prom/prom_300_notata,3e-05,0.0,0.04,0,6,LINEAR,42,128,128,1,True,70,EPOCH,EPOCH,1,True,eval_f1,True,6,90.7782,95.3835,95.3834,95.387,95.3912
200k,evolen,GUE,prom/prom_300_tata,EvoLenTokenizer/evolen-200k-sft-checkpoints,GUE/prom/prom_300_tata,EvoLenTokenizer/evolen-200k,assets/tokenizers/merge_tokenizer_unigram_len2.json,Finetune-GUE/GUE/prom/prom_300_tata,3e-05,0.05,0.06,0,8,LINEAR,42,128,128,1,True,70,EPOCH,EPOCH,1,True,eval_f1,True,3,60.4856,80.261,80.2254,80.2806,80.2051
200k,evolen,GUE,prom/prom_core_all,EvoLenTokenizer/evolen-200k-sft-checkpoints,GUE/prom/prom_core_all,EvoLenTokenizer/evolen-200k,assets/tokenizers/merge_tokenizer_unigram_len2.json,Finetune-GUE/GUE/prom/prom_core_all,3e-05,0.0,0.02,0,4,LINEAR,42,128,128,1,True,20,EPOCH,EPOCH,1,True,eval_f1,True,3,63.0625,81.5203,81.5185,81.539,81.5235
200k,evolen,GUE,prom/prom_core_notata,EvoLenTokenizer/evolen-200k-sft-checkpoints,GUE/prom/prom_core_notata,EvoLenTokenizer/evolen-200k,assets/tokenizers/merge_tokenizer_unigram_len2.json,Finetune-GUE/GUE/prom/prom_core_notata,3e-05,0.0,0.04,0,6,LINEAR,42,128,128,1,True,20,EPOCH,EPOCH,1,True,eval_f1,True,2,65.9706,82.9659,82.9592,83.0084,82.9621
200k,evolen,GUE,prom/prom_core_tata,EvoLenTokenizer/evolen-200k-sft-checkpoints,GUE/prom/prom_core_tata,EvoLenTokenizer/evolen-200k,assets/tokenizers/merge_tokenizer_unigram_len2.json,Finetune-GUE/GUE/prom/prom_core_tata,3e-05,0.05,0.06,0,10,LINEAR,42,128,128,1,True,20,EPOCH,EPOCH,1,True,eval_f1,True,4,64.0973,81.8923,81.8645,82.1681,81.9297
200k,evolen,GUE,splice/reconstructed,EvoLenTokenizer/evolen-200k-sft-checkpoints,GUE/splice/reconstructed,EvoLenTokenizer/evolen-200k,assets/tokenizers/merge_tokenizer_unigram_len2.json,Finetune-GUE/GUE/splice/reconstructed,3e-05,0.0,0.02,0,8,LINEAR,42,128,128,1,True,80,EPOCH,EPOCH,1,True,eval_f1,True,8,75.5876,85.8395,84.687,85.4465,83.9939
200k,evolen,GUE,tf/0,EvoLenTokenizer/evolen-200k-sft-checkpoints,GUE/tf/0,EvoLenTokenizer/evolen-200k,assets/tokenizers/merge_tokenizer_unigram_len2.json,Finetune-GUE/GUE/tf/0,3e-05,0.01,0.06,0,8,LINEAR,42,128,128,1,True,30,EPOCH,EPOCH,1,True,eval_f1,True,3,65.7803,82.4,82.2689,83.3877,82.4
200k,evolen,GUE,tf/1,EvoLenTokenizer/evolen-200k-sft-checkpoints,GUE/tf/1,EvoLenTokenizer/evolen-200k,assets/tokenizers/merge_tokenizer_unigram_len2.json,Finetune-GUE/GUE/tf/1,3e-05,0.0,0.06,0,8,LINEAR,42,128,128,1,True,30,EPOCH,EPOCH,1,True,eval_f1,True,3,68.3022,83.7,83.5923,84.6083,83.7
200k,evolen,GUE,tf/2,EvoLenTokenizer/evolen-200k-sft-checkpoints,GUE/tf/2,EvoLenTokenizer/evolen-200k,assets/tokenizers/merge_tokenizer_unigram_len2.json,Finetune-GUE/GUE/tf/2,3e-05,0.05,0.1,0,8,LINEAR,42,128,128,1,True,30,EPOCH,EPOCH,1,True,eval_f1,True,3,56.9982,78.3,78.2242,78.6996,78.3
200k,evolen,GUE,tf/3,EvoLenTokenizer/evolen-200k-sft-checkpoints,GUE/tf/3,EvoLenTokenizer/evolen-200k,assets/tokenizers/merge_tokenizer_unigram_len2.json,Finetune-GUE/GUE/tf/3,3e-05,0.0,0.06,0,6,LINEAR,42,128,128,1,True,30,EPOCH,EPOCH,1,True,eval_f1,True,2,46.1285,71.5,70.5347,74.7423,71.5
200k,evolen,GUE,tf/4,EvoLenTokenizer/evolen-200k-sft-checkpoints,GUE/tf/4,EvoLenTokenizer/evolen-200k,assets/tokenizers/merge_tokenizer_unigram_len2.json,Finetune-GUE/GUE/tf/4,3e-05,0.05,0.1,0,10,LINEAR,42,128,128,1,True,30,EPOCH,EPOCH,1,True,eval_f1,True,9,68.8006,84.4,84.3999,84.4006,84.4
200k,evolen,NT,H2AFZ,EvoLenTokenizer/evolen-200k-sft-checkpoints,NT/H2AFZ,EvoLenTokenizer/evolen-200k,assets/tokenizers/merge_tokenizer_unigram_len2.json,mario/Finetune-NucleotideTransformerBenchmarks/NT-benchmarks/nucleotide_transformer_downstream_tasks_revised/H2AFZ/split,3e-05,0.0,0.03,0,8,LINEAR,42,128,128,1,True,220,EPOCH,EPOCH,1,True,eval_f1,True,4,49.0844,74.3333,74.0973,74.9096,74.1802
200k,evolen,NT,H3K27ac,EvoLenTokenizer/evolen-200k-sft-checkpoints,NT/H3K27ac,EvoLenTokenizer/evolen-200k,assets/tokenizers/merge_tokenizer_unigram_len2.json,mario/Finetune-NucleotideTransformerBenchmarks/NT-benchmarks/nucleotide_transformer_downstream_tasks_revised/H3K27ac/split,3e-05,0.03,0.1,0,6,LINEAR,42,128,128,1,True,220,EPOCH,EPOCH,1,True,eval_f1,True,3,47.9946,73.9488,73.8514,74.128,73.8673
200k,evolen,NT,H3K27me3,EvoLenTokenizer/evolen-200k-sft-checkpoints,NT/H3K27me3,EvoLenTokenizer/evolen-200k,assets/tokenizers/merge_tokenizer_unigram_len2.json,mario/Finetune-NucleotideTransformerBenchmarks/NT-benchmarks/nucleotide_transformer_downstream_tasks_revised/H3K27me3/split,3e-05,0.03,0.1,0,10,LINEAR,42,128,128,1,True,220,EPOCH,EPOCH,1,True,eval_f1,True,3,58.7869,79.0303,78.9417,79.6842,79.1055
200k,evolen,NT,H3K36me3,EvoLenTokenizer/evolen-200k-sft-checkpoints,NT/H3K36me3,EvoLenTokenizer/evolen-200k,assets/tokenizers/merge_tokenizer_unigram_len2.json,mario/Finetune-NucleotideTransformerBenchmarks/NT-benchmarks/nucleotide_transformer_downstream_tasks_revised/H3K36me3/split,3e-05,0.0,0.1,0,8,LINEAR,42,128,128,1,True,220,EPOCH,EPOCH,1,True,eval_f1,True,3,62.1892,80.8182,80.7482,81.3419,80.8493
200k,evolen,NT,H3K4me1,EvoLenTokenizer/evolen-200k-sft-checkpoints,NT/H3K4me1,EvoLenTokenizer/evolen-200k,assets/tokenizers/merge_tokenizer_unigram_len2.json,mario/Finetune-NucleotideTransformerBenchmarks/NT-benchmarks/nucleotide_transformer_downstream_tasks_revised/H3K4me1/split,3e-05,0.01,0.06,0,10,LINEAR,42,128,128,1,True,220,EPOCH,EPOCH,1,True,eval_f1,True,3,48.0926,73.9394,73.9241,74.0938,73.9989
200k,evolen,NT,H3K4me2,EvoLenTokenizer/evolen-200k-sft-checkpoints,NT/H3K4me2,EvoLenTokenizer/evolen-200k,assets/tokenizers/merge_tokenizer_unigram_len2.json,mario/Finetune-NucleotideTransformerBenchmarks/NT-benchmarks/nucleotide_transformer_downstream_tasks_revised/H3K4me2/split,3e-05,0.0,0.1,0,10,LINEAR,42,128,128,1,True,220,EPOCH,EPOCH,1,True,eval_f1,True,4,58.1527,79.0047,78.8276,79.3774,78.7784
200k,evolen,NT,H3K4me3,EvoLenTokenizer/evolen-200k-sft-checkpoints,NT/H3K4me3,EvoLenTokenizer/evolen-200k,assets/tokenizers/merge_tokenizer_unigram_len2.json,mario/Finetune-NucleotideTransformerBenchmarks/NT-benchmarks/nucleotide_transformer_downstream_tasks_revised/H3K4me3/split,3e-05,0.01,0.06,0,10,LINEAR,42,128,128,1,True,220,EPOCH,EPOCH,1,True,eval_f1,True,2,66.1353,82.8493,82.8017,83.2658,82.8707
200k,evolen,NT,H3K9ac,EvoLenTokenizer/evolen-200k-sft-checkpoints,NT/H3K9ac,EvoLenTokenizer/evolen-200k,assets/tokenizers/merge_tokenizer_unigram_len2.json,mario/Finetune-NucleotideTransformerBenchmarks/NT-benchmarks/nucleotide_transformer_downstream_tasks_revised/H3K9ac/split,3e-05,0.03,0.06,0,6,LINEAR,42,128,128,1,True,220,EPOCH,EPOCH,1,True,eval_f1,True,3,53.5942,76.7806,76.7763,76.8091,76.7851
200k,evolen,NT,H3K9me3,EvoLenTokenizer/evolen-200k-sft-checkpoints,NT/H3K9me3,EvoLenTokenizer/evolen-200k,assets/tokenizers/merge_tokenizer_unigram_len2.json,mario/Finetune-NucleotideTransformerBenchmarks/NT-benchmarks/nucleotide_transformer_downstream_tasks_revised/H3K9me3/split,3e-05,0.0,0.06,0,6,LINEAR,42,128,128,1,True,220,EPOCH,EPOCH,1,True,eval_f1,True,3,43.819,71.9081,71.8997,71.9006,71.9183
200k,evolen,NT,H4K20me1,EvoLenTokenizer/evolen-200k-sft-checkpoints,NT/H4K20me1,EvoLenTokenizer/evolen-200k,assets/tokenizers/merge_tokenizer_unigram_len2.json,mario/Finetune-NucleotideTransformerBenchmarks/NT-benchmarks/nucleotide_transformer_downstream_tasks_revised/H4K20me1/split,3e-05,0.03,0.1,0,10,LINEAR,42,128,128,1,True,220,EPOCH,EPOCH,1,True,eval_f1,True,3,66.4023,83.2042,83.2007,83.2036,83.1988
200k,evolen,NT,enhancers,EvoLenTokenizer/evolen-200k-sft-checkpoints,NT/enhancers,EvoLenTokenizer/evolen-200k,assets/tokenizers/merge_tokenizer_unigram_len2.json,mario/Finetune-NucleotideTransformerBenchmarks/NT-benchmarks/nucleotide_transformer_downstream_tasks_revised/enhancers/split,3e-05,0.03,0.1,0,8,LINEAR,42,128,128,1,True,100,EPOCH,EPOCH,1,True,eval_f1,True,2,52.9714,76.1818,76.1123,76.6872,76.2858
200k,evolen,NT,enhancers_types,EvoLenTokenizer/evolen-200k-sft-checkpoints,NT/enhancers_types,EvoLenTokenizer/evolen-200k,assets/tokenizers/merge_tokenizer_unigram_len2.json,mario/Finetune-NucleotideTransformerBenchmarks/NT-benchmarks/nucleotide_transformer_downstream_tasks_revised/enhancers_types/split,3e-05,0.03,0.03,0,6,LINEAR,42,128,128,1,True,100,EPOCH,EPOCH,1,True,eval_f1,True,1,47.0126,71.1212,55.4,63.6817,54.101
200k,evolen,NT,promoter_all,EvoLenTokenizer/evolen-200k-sft-checkpoints,NT/promoter_all,EvoLenTokenizer/evolen-200k,assets/tokenizers/merge_tokenizer_unigram_len2.json,mario/Finetune-NucleotideTransformerBenchmarks/NT-benchmarks/nucleotide_transformer_downstream_tasks_revised/promoter_all/split,3e-05,0.0,0.06,0,10,LINEAR,42,128,128,1,True,80,EPOCH,EPOCH,1,True,eval_f1,True,3,74.9259,87.3061,87.2726,87.6431,87.2837
200k,evolen,NT,promoter_no_tata,EvoLenTokenizer/evolen-200k-sft-checkpoints,NT/promoter_no_tata,EvoLenTokenizer/evolen-200k,assets/tokenizers/merge_tokenizer_unigram_len2.json,mario/Finetune-NucleotideTransformerBenchmarks/NT-benchmarks/nucleotide_transformer_downstream_tasks_revised/promoter_no_tata/split,3e-05,0.03,0.1,0,10,LINEAR,42,128,128,1,True,80,EPOCH,EPOCH,1,True,eval_f1,True,1,77.0363,88.4321,88.3944,88.6831,88.3539
200k,evolen,NT,promoter_tata,EvoLenTokenizer/evolen-200k-sft-checkpoints,NT/promoter_tata,EvoLenTokenizer/evolen-200k,assets/tokenizers/merge_tokenizer_unigram_len2.json,mario/Finetune-NucleotideTransformerBenchmarks/NT-benchmarks/nucleotide_transformer_downstream_tasks_revised/promoter_tata/split,3e-05,0.01,0.06,0,12,LINEAR,42,128,128,1,True,80,EPOCH,EPOCH,1,True,eval_f1,True,9,76.8845,88.447,88.442,88.4453,88.4392
200k,evolen,NT,splice_sites_acceptors,EvoLenTokenizer/evolen-200k-sft-checkpoints,NT/splice_sites_acceptors,EvoLenTokenizer/evolen-200k,assets/tokenizers/merge_tokenizer_unigram_len2.json,mario/Finetune-NucleotideTransformerBenchmarks/NT-benchmarks/nucleotide_transformer_downstream_tasks_revised/splice_sites_acceptors/split,3e-05,0.01,0.06,0,10,LINEAR,42,128,128,1,True,140,EPOCH,EPOCH,1,True,eval_f1,True,10,68.681,84.3636,84.3268,84.383,84.2981
200k,evolen,NT,splice_sites_all,EvoLenTokenizer/evolen-200k-sft-checkpoints,NT/splice_sites_all,EvoLenTokenizer/evolen-200k,assets/tokenizers/merge_tokenizer_unigram_len2.json,mario/Finetune-NucleotideTransformerBenchmarks/NT-benchmarks/nucleotide_transformer_downstream_tasks_revised/splice_sites_all/split,3e-05,0.0,0.03,0,8,LINEAR,42,128,128,1,True,140,EPOCH,EPOCH,1,True,eval_f1,True,8,68.3128,78.8788,78.9156,78.8895,78.9548
200k,evolen,NT,splice_sites_donors,EvoLenTokenizer/evolen-200k-sft-checkpoints,NT/splice_sites_donors,EvoLenTokenizer/evolen-200k,assets/tokenizers/merge_tokenizer_unigram_len2.json,mario/Finetune-NucleotideTransformerBenchmarks/NT-benchmarks/nucleotide_transformer_downstream_tasks_revised/splice_sites_donors/split,3e-05,0.01,0.06,0,6,LINEAR,42,128,128,1,True,140,EPOCH,EPOCH,1,True,eval_f1,True,6,68.0741,84.0303,84.0153,84.0706,84.0036
200k,evolen,multi-ATAC,human_mouse_superclass_allchr,EvoLenTokenizer/evolen-200k-sft-checkpoints,multi-ATAC/human_mouse_superclass_allchr,EvoLenTokenizer/evolen-200k,assets/tokenizers/merge_tokenizer_unigram_len2.json,Finetune-screen/finetune_data/human_mouse_superclass_allchr,3e-05,0.0,0.05,0,5,LINEAR,42,128,128,1,True,200,EPOCH,EPOCH,1,True,eval_f1,True,2,13.7037,39.0994,33.1435,35.5107,33.6642
200k,evolen,multi-SCREEN,allchr_csv,EvoLenTokenizer/evolen-200k-sft-checkpoints,multi-SCREEN/allchr_csv,EvoLenTokenizer/evolen-200k,assets/tokenizers/merge_tokenizer_unigram_len2.json,Finetune-screen/finetune_data/allchr_csv,2.5e-05,0.01,0.01,0,3,LINEAR,42,128,128,1,True,512,EPOCH,EPOCH,1,True,eval_f1,True,3,22.5237,31.983,30.9042,31.4451,32.1081
